,text,timestamp
0,rt april night king vs thanos conquer earth battle supremacy night king one,2019-04-13 17:00:30
1,rt bring thanos,2019-04-13 17:00:28
2,rt random characters would defeat thanos,2019-04-13 17:00:26
3,taylor swift works marvel coming defeat thanos th wbk,2019-04-13 17:00:25
4,rt one pic describes every bad fortnite patch got thanos wielding sword polar peak head looks like,2019-04-13 17:00:24
5,rt dowoon legit called captain marvel noona thanos hyung asdfghjjklllznzn stan super respectful boy,2019-04-13 17:00:24
6,u really dont want thanos pics thicc af,2019-04-13 17:00:21
7,hey everyone new free rig maya users superman rig thanos vs darkseid vid,2019-04-13 17:00:18
8,poster got amped shit even disney certified shout thanos holding,2019-04-13 17:00:18
9,rt dowoon legit called captain marvel noona thanos hyung asdfghjjklllznzn stan super respectful boy,2019-04-13 17:00:16
10,rt dowoon legit called captain marvel noona thanos hyung asdfghjjklllznzn stan super respectful boy,2019-04-13 17:00:14
11,final submission may st cue image thanos looking sunrise,2019-04-13 17:00:12
12,virgi thanos,2019-04-13 17:00:09
13,rt thanos coming hulk,2019-04-13 17:00:07
14,rt random characters would defeat thanos,2019-04-13 17:00:02
15,rt slept days prepare even cleared schedule pretty sure fellow armys,2019-04-13 16:59:58
16,april night king vs thanos conquer earth battle supremacy night king,2019-04-13 16:59:56
17,thanos tape,2019-04-13 16:59:53
18,rt taylor swift defeat thanos th,2019-04-13 16:59:49
19,rt effects like memes gags comedy memeoftheday thanos tiktok videos tiktokindia justforfun laughs https,2019-04-13 16:59:47
20,rt random characters would defeat thanos,2019-04-13 16:59:43
21,rt believe really going save universe thanos taylorswiftapril,2019-04-13 16:59:38
22,rt believe really going save universe thanos taylorswiftapril,2019-04-13 16:59:36
23,rt believe really going save universe thanos taylorswiftapril,2019-04-13 16:59:35
24,rt random characters would defeat thanos,2019-04-13 16:59:31
25,th infinity stone taylor swift going use defeat thanos april th,2019-04-13 16:59:28
26,rt dowoon legit called captain marvel noona thanos hyung asdfghjjklllznzn stan super respectful boy,2019-04-13 16:59:15
27,rt slept days prepare even cleared schedule pretty sure fellow armys,2019-04-13 16:59:14
28,thanos snap tweets getting account refuse,2019-04-13 16:59:13
29,rt slept days prepare even cleared schedule pretty sure fellow armys,2019-04-13 16:59:05
30,rt dowoon legit called captain marvel noona thanos hyung asdfghjjklllznzn stan super respectful boy,2019-04-13 16:59:03
31,rt believe really going save universe thanos taylorswiftapril,2019-04-13 16:59:01
32,rt dowoon legit called captain marvel noona thanos hyung asdfghjjklllznzn stan super respectful boy,2019-04-13 16:59:00
33,rt random characters would defeat thanos,2019-04-13 16:58:53
34,rt sheikh thanos,2019-04-13 16:58:50
35,rt irage thanos gut punch knee face overhead slam hulk,2019-04-13 16:58:49
36,rt random characters would defeat thanos,2019-04-13 16:58:49
37,rt random characters would defeat thanos,2019-04-13 16:58:48
38,rt antman hey thanos spell thanos e antman forgot u thanos u antman shrinking,2019-04-13 16:58:48
39,rt sicheng exists taeil nct nctzens winctzens thanos avengers michael jackson world,2019-04-13 16:58:47
40,good bless us women like ask questions become wifes faster thanos snap,2019-04-13 16:58:46
41,rt dowoon legit called captain marvel noona thanos hyung asdfghjjklllznzn stan super respectful boy,2019-04-13 16:58:46
42,thanos ltm,2019-04-13 16:58:43
43,ironman coming game like thanos season,2019-04-13 16:58:39
44,rt sicheng exists taeil nct nctzens winctzens thanos avengers michael jackson world,2019-04-13 16:58:36
45,rt believe really going save universe thanos taylorswiftapril,2019-04-13 16:58:35
46,harden thanos make skills disappear snap fingers th quarter al,2019-04-13 16:58:35
47,rt thanos coming hulk,2019-04-13 16:58:34
48,rt slept days prepare even cleared schedule pretty sure fellow armys,2019-04-13 16:58:34
49,rt thanos came visit us mefcc conversation captain marvel thanos apologized mistake brin,2019-04-13 16:58:34
50,rt random characters would defeat thanos,2019-04-13 16:58:33
51,rt believe really going save universe thanos taylorswiftapril,2019-04-13 16:58:29
52,rt thanos coming hulk,2019-04-13 16:58:28
53,rt thanos coming hulk,2019-04-13 16:58:26
54,news knew hawkeye strong check kicking ass thanos,2019-04-13 16:58:26
55,rt thanos came visit us mefcc conversation captain marvel thanos apologized mistake brin,2019-04-13 16:58:23
56,rt believe really going save universe thanos taylorswiftapril,2019-04-13 16:58:20
57,rt believe really going save universe thanos taylorswiftapril,2019-04-13 16:58:19
58,plot twist captain marvel kills thanos beginning movie rest credits,2019-04-13 16:58:17
59,rt thanos coming hulk,2019-04-13 16:58:16
60,rt believe really going save universe thanos taylorswiftapril,2019-04-13 16:58:16
61,rt thanos coming hulk,2019-04-13 16:58:13
62,thanos porn category done,2019-04-13 16:58:12
63,rt thanos came visit us mefcc conversation captain marvel thanos apologized mistake brin,2019-04-13 16:58:11
64,rt tony gonna kick thanos ass strange gonna kick thanos ass quill gonna kick thanos ass thor gonn,2019-04-13 16:58:05
65,rt dowoon legit called captain marvel noona thanos hyung asdfghjjklllznzn stan super respectful boy,2019-04-13 16:58:02
66,anyways padme amidala would defeat thanos,2019-04-13 16:58:01
67,rt random characters would defeat thanos,2019-04-13 16:57:57
68,rt believe really going save universe thanos taylorswiftapril,2019-04-13 16:57:54
69,rt thanos coming hulk,2019-04-13 16:57:51
70,rt slept days prepare even cleared schedule pretty sure fellow armys,2019-04-13 16:57:51
71,rt dowoon legit called captain marvel noona thanos hyung asdfghjjklllznzn stan super respectful boy,2019-04-13 16:57:50
72,rt tell cops chill fighting thanos,2019-04-13 16:57:49
73,rt slept days prepare even cleared schedule pretty sure fellow armys,2019-04-13 16:57:45
74,well captain marvel kicks shit outta thanos good thanos tosser,2019-04-13 16:57:43
75,rt slept days prepare even cleared schedule pretty sure fellow armys,2019-04-13 16:57:42
76,rt elmismari attempt drawing thanos thanos marvel avengersinfinitywar fanart,2019-04-13 16:57:38
77,rt believe really going save universe thanos taylorswiftapril,2019-04-13 16:57:35
78,rt dowoon legit called captain marvel noona thanos hyung asdfghjjklllznzn stan super respectful boy,2019-04-13 16:57:33
79,rt random characters would defeat thanos,2019-04-13 16:57:33
80,rt believe really going save universe thanos taylorswiftapril,2019-04-13 16:57:32
81,rt thanos coming hulk,2019-04-13 16:57:30
82,rt wait fo avengers imma go like dis el thanos vale verga,2019-04-13 16:57:30
83,rt believe taylor swift going defeat thanos,2019-04-13 16:57:28
84,rt believe really going save universe thanos taylorswiftapril,2019-04-13 16:57:25
85,rt random characters would defeat thanos,2019-04-13 16:57:25
86,rt random characters would defeat thanos,2019-04-13 16:57:25
87,rt successfully booking tickets endgame challenging avengers actually defeating thanos,2019-04-13 16:57:23
88,rt else imma go get hit gas pump get set fire get arrested go thanos,2019-04-13 16:57:23
89,knew hawkeye strong check kicking ass thanos clip,2019-04-13 16:57:22
90,rt slept days prepare even cleared schedule pretty sure fellow armys,2019-04-13 16:57:19
91,proof taylor swift defeat thanos,2019-04-13 16:57:17
92,rt slept days prepare even cleared schedule pretty sure fellow armys,2019-04-13 16:57:14
93,rt thanos coming hulk,2019-04-13 16:57:12
94,rt dowoon legit called captain marvel noona thanos hyung asdfghjjklllznzn stan super respectful boy,2019-04-13 16:57:10
95,rt random characters would defeat thanos,2019-04-13 16:57:10
96,rt slept days prepare even cleared schedule pretty sure fellow armys,2019-04-13 16:56:59
97,rt dowoon legit called captain marvel noona thanos hyung asdfghjjklllznzn stan super respectful boy,2019-04-13 16:56:54
98,yakub thanos infinity war,2019-04-13 16:56:54
99,think powerpuff girls could defeat thanos,2019-04-13 16:56:53
100,rt thanos snapped fingers sent superheroes one cares disney,2019-04-13 16:56:45
101,rt thanos coming hulk,2019-04-13 16:56:41
102,rt taylor swift defeat thanos th,2019-04-13 16:56:39
103,rt thanos coming hulk,2019-04-13 16:56:37
104,rt slept days prepare even cleared schedule pretty sure fellow armys,2019-04-13 16:56:31
105,rt slept days prepare even cleared schedule pretty sure fellow armys,2019-04-13 16:56:30
106,rt thanos retirement,2019-04-13 16:56:28
107,rt random characters would defeat thanos,2019-04-13 16:56:27
108,rt random characters would defeat thanos,2019-04-13 16:56:23
109,please bring back thanos ltm,2019-04-13 16:56:22
110,code actually thanos recommend yall use,2019-04-13 16:56:22
111,fortnite bringing thanos gamemode back,2019-04-13 16:56:21
112,rt thanos coming hulk,2019-04-13 16:56:19
113,rt random characters would defeat thanos,2019-04-13 16:56:17
114,rt thanos coming hulk,2019-04-13 16:56:14
115,rt thanos retirement,2019-04-13 16:56:12
116,line bring thanos still gives chills day,2019-04-13 16:56:09
117,rt zobi mighty thanos brilliant work,2019-04-13 16:56:09
118,proof taylor swift defeat thanos,2019-04-13 16:56:08
119,rt random characters would defeat thanos,2019-04-13 16:56:03
120,rt never even crossed mind might one destroy thanos,2019-04-13 16:56:03
121,um supposedly thanos eternal supposedly make eternals movie hmmmmm,2019-04-13 16:56:01
122,rt thanos coming hulk,2019-04-13 16:55:55
123,rocket way defeat thanos,2019-04-13 16:55:51
124,rt random characters would defeat thanos,2019-04-13 16:55:48
125,rt random characters would defeat thanos,2019-04-13 16:55:48
126,rt thanos came visit us mefcc conversation captain marvel thanos apologized mistake brin,2019-04-13 16:55:47
127,rt random characters would defeat thanos,2019-04-13 16:55:42
128,rt believe really going save universe thanos taylorswiftapril,2019-04-13 16:55:40
129,rt thanos coming hulk,2019-04-13 16:55:37
130,rt dowoon legit called captain marvel noona thanos hyung asdfghjjklllznzn stan super respectful boy,2019-04-13 16:55:37
131,rt avengers going rematch thanos like,2019-04-13 16:55:36
132,rt never even crossed mind might one destroy thanos,2019-04-13 16:55:36
133,rt random characters would defeat thanos,2019-04-13 16:55:36
134,rt random characters would defeat thanos,2019-04-13 16:55:28
135,rt believe really going save universe thanos taylorswiftapril,2019-04-13 16:55:26
136,rt random characters would defeat thanos,2019-04-13 16:55:20
137,rt believe really going save universe thanos taylorswiftapril,2019-04-13 16:55:15
138,rt dowoon legit called captain marvel noona thanos hyung asdfghjjklllznzn stan super respectful boy,2019-04-13 16:55:12
139,rt thanos coming hulk,2019-04-13 16:55:09
140,time guess avengers beat thanos endgame course mary su,2019-04-13 16:55:06
141,time guess avengers beat thanos endgame course mary su,2019-04-13 16:55:04
142,rt dowoon legit called captain marvel noona thanos hyung asdfghjjklllznzn stan super respectful boy,2019-04-13 16:55:03
143,rt believe really going save universe thanos taylorswiftapril,2019-04-13 16:55:02
144,rt believe really going save universe thanos taylorswiftapril,2019-04-13 16:55:01
145,rt random characters would defeat thanos,2019-04-13 16:55:01
146,rt somebody said lucky thanos cop joint,2019-04-13 16:55:00
147,thanos came visit us mefcc conversation captain marvel thanos apologized mistake,2019-04-13 16:54:53
148,rt dowoon legit called captain marvel noona thanos hyung asdfghjjklllznzn stan super respectful boy,2019-04-13 16:54:53
149,make thanos chill,2019-04-13 16:54:53
150,rt maybe count new music maybe one going beat thanos,2019-04-13 16:54:49
151,rt thanos retirement,2019-04-13 16:54:46
152,rt slept days prepare even cleared schedule pretty sure fellow armys,2019-04-13 16:54:44
153,rt believe really going save universe thanos taylorswiftapril,2019-04-13 16:54:43
154,rt marvel hire youtube place thanos since really good deleting stuff giveusour millionback,2019-04-13 16:54:37
155,rt gonna defeat thanos,2019-04-13 16:54:35
156,rt thanos coming hulk,2019-04-13 16:54:31
157,rt marvel need villain even stronger thanos also marvel,2019-04-13 16:54:25
158,rt moo thanos destroyed captainmarvel nebula avengersendgame,2019-04-13 16:54:17
159,rt thanos coming hulk,2019-04-13 16:54:16
160,rt massive spoilers hulk confirmed distract thanos got nose trick avengersendgame final battle,2019-04-13 16:54:13
161,rt ant man expanding thanos butt avengersendgame,2019-04-13 16:54:12
162,rt random characters would defeat thanos,2019-04-13 16:54:12
163,rt random characters would defeat thanos,2019-04-13 16:54:11
164,rt random characters would defeat thanos,2019-04-13 16:54:07
165,difference thanos dust regular dust,2019-04-13 16:54:05
166,rt thanos coming hulk,2019-04-13 16:54:05
167,rt respond avengersendgame footage shown seoul say gives briefest hint magnitu,2019-04-13 16:54:05
168,rt believe really going save universe thanos taylorswiftapril,2019-04-13 16:54:03
169,rt thanos coming hulk,2019-04-13 16:54:03
170,rt believe really going save universe thanos taylorswiftapril,2019-04-13 16:53:59
171,stephan vader would throw temper tantrum trash place week thanos could least trust,2019-04-13 16:53:56
172,rt dowoon legit called captain marvel noona thanos hyung asdfghjjklllznzn stan super respectful boy,2019-04-13 16:53:56
173,rt thanos coming hulk,2019-04-13 16:53:56
174,rt believe really going save universe thanos taylorswiftapril,2019-04-13 16:53:55
175,rt nyt review guava island donald glover project rihanna,2019-04-13 16:53:51
176,rt arab thanos ladies gentlemen,2019-04-13 16:53:48
177,rt random characters would defeat thanos,2019-04-13 16:53:47
178,rt thanos coming hulk,2019-04-13 16:53:45
179,rt slept days prepare even cleared schedule pretty sure fellow armys,2019-04-13 16:53:41
180,rt slept days prepare even cleared schedule pretty sure fellow armys,2019-04-13 16:53:39
181,thanos ready bs,2019-04-13 16:53:37
182,rt random characters would defeat thanos,2019-04-13 16:53:35
183,rt thanos coming hulk,2019-04-13 16:53:35
184,rt slept days prepare even cleared schedule pretty sure fellow armys,2019-04-13 16:53:34
185,turns thanos dust nii chan despises,2019-04-13 16:53:29
186,rt thanos coming hulk,2019-04-13 16:53:27
187,rt thanos coming hulk,2019-04-13 16:53:25
188,rt random characters would defeat thanos,2019-04-13 16:53:22
189,rt u beat join avengers thanos dat track weekend mode activated download,2019-04-13 16:53:21
190,rt sorry thanos stand chance,2019-04-13 16:53:13
191,rt slept days prepare even cleared schedule pretty sure fellow armys,2019-04-13 16:53:08
192,rt taylor swift secret seventh infinity stone key defeating thanos clear,2019-04-13 16:53:05
193,pick either sports star wars disappearing snap thanos fingers pick,2019-04-13 16:53:03
194,disney future movies make wish survive thanos snap,2019-04-13 16:53:00
195,rt slept days prepare even cleared schedule pretty sure fellow armys,2019-04-13 16:52:59
196,rt believe really going save universe thanos taylorswiftapril,2019-04-13 16:52:57
197,rt thanos coming hulk,2019-04-13 16:52:57
198,rt request end avengers infinity war thanos farm set old town road,2019-04-13 16:52:55
199,rt one infinity stones thanos know taylor joins avengers end,2019-04-13 16:52:53
200,rt dowoon legit called captain marvel noona thanos hyung asdfghjjklllznzn stan super respectful boy,2019-04-13 16:52:52
201,thanos pyschotic uncle never got attention bitches highschool took world,2019-04-13 16:52:52
202,rt slept days prepare even cleared schedule pretty sure fellow armys,2019-04-13 16:52:52
203,rt thanos coming hulk,2019-04-13 16:52:50
204,rt slept days prepare even cleared schedule pretty sure fellow armys,2019-04-13 16:52:41
205,rt never even crossed mind might one destroy thanos,2019-04-13 16:52:40
206,rt dowoon legit called captain marvel noona thanos hyung asdfghjjklllznzn stan super respectful boy,2019-04-13 16:52:39
207,rt dowoon legit called captain marvel noona thanos hyung asdfghjjklllznzn stan super respectful boy,2019-04-13 16:52:38
208,rt believe really going save universe thanos taylorswiftapril,2019-04-13 16:52:33
209,rt taylor swift song called end game last avengers movie called endgame taylor swift announcement,2019-04-13 16:52:29
210,rt taylor swift secret seventh infinity stone key defeating thanos clear,2019-04-13 16:52:25
211,rt dowoon legit called captain marvel noona thanos hyung asdfghjjklllznzn stan super respectful boy,2019-04-13 16:52:22
212,rt thanos coming hulk,2019-04-13 16:52:22
213,rt thanos coming hulk,2019-04-13 16:52:21
214,rt slept days prepare even cleared schedule pretty sure fellow armys,2019-04-13 16:52:21
215,rt thanos coming hulk,2019-04-13 16:52:20
216,mighty thanos brilliant work,2019-04-13 16:52:19
217,rt dowoon legit called captain marvel noona thanos hyung asdfghjjklllznzn stan super respectful boy,2019-04-13 16:52:17
218,rt taylor swift defeat thanos th,2019-04-13 16:52:13
219,neglect violence household u sayin reason like suckin dick gettin penetrated cause,2019-04-13 16:52:13
220,rt random characters would defeat thanos,2019-04-13 16:52:12
221,rt thanos coming hulk,2019-04-13 16:52:10
222,rt literally two weeks going see ant man go thanos booty hole,2019-04-13 16:52:08
223,rt slept days prepare even cleared schedule pretty sure fellow armys,2019-04-13 16:52:05
224,thanos ltm confirmed,2019-04-13 16:52:04
225,rt thanos coming hulk,2019-04-13 16:52:04
226,one million thanos lose avengers theory,2019-04-13 16:52:02
227,rt believe really going save universe thanos taylorswiftapril,2019-04-13 16:52:01
228,rt thanos coming hulk,2019-04-13 16:51:59
229,taylor swift defeat thanos april avengers,2019-04-13 16:51:56
230,rt random characters would defeat thanos,2019-04-13 16:51:56
231,rt believe really going save universe thanos taylorswiftapril,2019-04-13 16:51:56
232,man really stop thanos,2019-04-13 16:51:50
233,rt thanos coming hulk,2019-04-13 16:51:46
234,rt slept days prepare even cleared schedule pretty sure fellow armys,2019-04-13 16:51:45
235,rt random characters would defeat thanos,2019-04-13 16:51:44
236,rt deserves defeat thanos hint one right answer,2019-04-13 16:51:43
237,rt slept days prepare even cleared schedule pretty sure fellow armys,2019-04-13 16:51:39
238,harden fucking thanos g,2019-04-13 16:51:38
239,rt slept days prepare even cleared schedule pretty sure fellow armys,2019-04-13 16:51:31
240,rt slept days prepare even cleared schedule pretty sure fellow armys,2019-04-13 16:51:31
241,tjere many countdowns dicferent countries continents im starting think taylor swift rea,2019-04-13 16:51:30
242,rt thanos coming hulk,2019-04-13 16:51:29
243,rt believe really going save universe thanos taylorswiftapril,2019-04-13 16:51:29
244,rt thanos coming hulk,2019-04-13 16:51:28
245,rt believe really going save universe thanos taylorswiftapril,2019-04-13 16:51:27
246,rt slept days prepare even cleared schedule pretty sure fellow armys,2019-04-13 16:51:27
247,resa hell nawh lol pick either joker thanos,2019-04-13 16:51:23
248,rt thanos coming hulk,2019-04-13 16:51:16
249,rt taylor swift april th coming save world thanos finally giving us new music,2019-04-13 16:51:16
250,shes key destroying thanos,2019-04-13 16:51:13
251,rt brooke sorrindo thanos,2019-04-13 16:51:12
252,rt slept days prepare even cleared schedule pretty sure fellow armys,2019-04-13 16:51:11
253,rt believe really going save universe thanos taylorswiftapril,2019-04-13 16:51:10
254,rt slept days prepare even cleared schedule pretty sure fellow armys,2019-04-13 16:51:05
255,rt thanos coming hulk,2019-04-13 16:51:04
256,rt taylor swift really coming save world thanos taylorswiftapril th,2019-04-13 16:51:04
257,rt believe really going save universe thanos taylorswiftapril,2019-04-13 16:51:02
258,rt savage thanos always right,2019-04-13 16:51:02
259,rt antman hey thanos spell thanos e antman forgot u thanos u antman shrinking,2019-04-13 16:51:00
260,rt thanos retirement,2019-04-13 16:50:59
261,rt thanos coming hulk,2019-04-13 16:50:58
262,rt random characters would defeat thanos,2019-04-13 16:50:58
263,rt thanos retirement,2019-04-13 16:50:56
264,rt man defeat thanos,2019-04-13 16:50:56
265,rt slept days prepare even cleared schedule pretty sure fellow armys,2019-04-13 16:50:48
266,grabbed ass thanos,2019-04-13 16:50:48
267,rt slept days prepare even cleared schedule pretty sure fellow armys,2019-04-13 16:50:47
268,rt slept days prepare even cleared schedule pretty sure fellow armys,2019-04-13 16:50:44
269,thanos snap,2019-04-13 16:50:43
270,rt slept days prepare even cleared schedule pretty sure fellow armys,2019-04-13 16:50:43
271,rt slept days prepare even cleared schedule pretty sure fellow armys,2019-04-13 16:50:41
272,rt slept days prepare even cleared schedule pretty sure fellow armys,2019-04-13 16:50:41
273,rt dowoon legit called captain marvel noona thanos hyung asdfghjjklllznzn stan super respectful boy,2019-04-13 16:50:41
274,rt random characters would defeat thanos,2019-04-13 16:50:38
275,rt slept days prepare even cleared schedule pretty sure fellow armys,2019-04-13 16:50:37
276,rt slept days prepare even cleared schedule pretty sure fellow armys,2019-04-13 16:50:36
277,rt thanos coming hulk,2019-04-13 16:50:35
278,rt slept days prepare even cleared schedule pretty sure fellow armys,2019-04-13 16:50:30
279,rt thanos coming hulk,2019-04-13 16:50:30
280,rt slept days prepare even cleared schedule pretty sure fellow armys,2019-04-13 16:50:29
281,rt thanos coming hulk,2019-04-13 16:50:29
282,rt get thanos destroys star wars universe series starwars thanos doit,2019-04-13 16:50:29
283,rt bean avengers vs thanos,2019-04-13 16:50:24
284,rt thanos coming hulk,2019-04-13 16:50:23
285,rt dowoon legit called captain marvel noona thanos hyung asdfghjjklllznzn stan super respectful boy,2019-04-13 16:50:23
286,rt thanos coming hulk,2019-04-13 16:50:22
287,save us thanos love avenger,2019-04-13 16:50:21
288,rt thanos coming hulk,2019-04-13 16:50:20
289,rt random characters would defeat thanos,2019-04-13 16:50:20
290,rt slept days prepare even cleared schedule pretty sure fellow armys,2019-04-13 16:50:20
291,rt dowoon legit called captain marvel noona thanos hyung asdfghjjklllznzn stan super respectful boy,2019-04-13 16:50:19
292,rt thanos coming hulk,2019-04-13 16:50:19
293,rt believe really going save universe thanos taylorswiftapril,2019-04-13 16:50:13
294,rt random characters would defeat thanos,2019-04-13 16:50:11
295,rt exteenah twt dj going defeat thanos,2019-04-13 16:50:09
296,rt believe really going save universe thanos taylorswiftapril,2019-04-13 16:50:09
297,rt believe really going save universe thanos taylorswiftapril,2019-04-13 16:50:09
298,rt believe really going save universe thanos taylorswiftapril,2019-04-13 16:50:05
299,rt believe really going save universe thanos taylorswiftapril,2019-04-13 16:49:56
300,rt thanos coming hulk,2019-04-13 16:49:55
301,rt taylor swift defeat thanos,2019-04-13 16:49:54
302,rt thanos coming hulk,2019-04-13 16:49:53
303,rt random characters would defeat thanos,2019-04-13 16:49:52
304,rt taylor swift really coming save world thanos taylorswiftapril th,2019-04-13 16:49:51
305,rt taylor swift song called end game last avengers movie called endgame taylor swift announcement,2019-04-13 16:49:51
306,thanos got new teddy bear cuddles must given,2019-04-13 16:49:50
307,rt believe really going save universe thanos taylorswiftapril,2019-04-13 16:49:50
308,parallel universe penalty thanos would mad,2019-04-13 16:49:46
309,rt thanos coming hulk,2019-04-13 16:49:38
310,rt random characters would defeat thanos,2019-04-13 16:49:35
311,rt slept days prepare even cleared schedule pretty sure fellow armys,2019-04-13 16:49:33
312,rt jeongyeon spoiling something said likes thanos,2019-04-13 16:49:29
313,rt slept days prepare even cleared schedule pretty sure fellow armys,2019-04-13 16:49:27
314,rt plot twist actually last infinity stone defeat thanos taylorswiftapril,2019-04-13 16:49:25
315,thanos real life whooped hulks tail within first mins infinity war killed boo heimdall,2019-04-13 16:49:24
316,rt dowoon legit called captain marvel noona thanos hyung asdfghjjklllznzn stan super respectful boy,2019-04-13 16:49:16
317,rt dowoon legit called captain marvel noona thanos hyung asdfghjjklllznzn stan super respectful boy,2019-04-13 16:49:14
318,rt slept days prepare even cleared schedule pretty sure fellow armys,2019-04-13 16:49:13
319,rt thanos coming hulk,2019-04-13 16:49:12
320,rt thanos coming hulk,2019-04-13 16:49:10
321,rt random characters would defeat thanos,2019-04-13 16:49:09
322,rt random characters would defeat thanos,2019-04-13 16:49:05
323,rt slept days prepare even cleared schedule pretty sure fellow armys,2019-04-13 16:49:01
324,rt slept days prepare even cleared schedule pretty sure fellow armys,2019-04-13 16:48:59
325,rt antman hey thanos spell thanos e antman forgot u thanos u antman shrinking,2019-04-13 16:48:58
326,kirby test god powers go thanos mode,2019-04-13 16:48:56
327,rt dowoon legit called captain marvel noona thanos hyung asdfghjjklllznzn stan super respectful boy,2019-04-13 16:48:54
328,carol thor beating thanos,2019-04-13 16:48:50
329,slept days prepare even cleared schedule pretty sure fello,2019-04-13 16:48:50
330,rt thanos coming hulk,2019-04-13 16:48:48
331,rt random characters would defeat thanos,2019-04-13 16:48:48
332,rt nakahara chuuya former king sheep current port mafia executive strongest ability user literally,2019-04-13 16:48:48
333,rt thanos coming hulk,2019-04-13 16:48:47
334,rt thanos coming hulk,2019-04-13 16:48:44
335,rt india ant man shrinks enters thanos hold spoiler zone joerusso reacts,2019-04-13 16:48:42
336,rt irage thanos gut punch knee face overhead slam hulk,2019-04-13 16:48:41
337,rt avengers going rematch thanos like,2019-04-13 16:48:38
338,rt thanos coming hulk,2019-04-13 16:48:37
339,rt believe really going save universe thanos taylorswiftapril,2019-04-13 16:48:37
340,rt one infinity stones thanos know taylor joins avengers end,2019-04-13 16:48:33
341,rt thanos wiped half stan twitter remember,2019-04-13 16:48:30
342,rt never even crossed mind might one destroy thanos,2019-04-13 16:48:28
343,tf thanos get twitter,2019-04-13 16:48:28
344,sheikh thanos,2019-04-13 16:48:25
345,rt believe really going save universe thanos taylorswiftapril,2019-04-13 16:48:24
346,rt thanos coming hulk,2019-04-13 16:48:19
347,rt believe really going save universe thanos taylorswiftapril,2019-04-13 16:48:09
348,rt dowoon legit called captain marvel noona thanos hyung asdfghjjklllznzn stan super respectful boy,2019-04-13 16:48:06
349,rt believe really going save universe thanos taylorswiftapril,2019-04-13 16:48:04
350,avengers story continues nd big boss monster lots people showed today take thanos,2019-04-13 16:47:59
351,rt bean avengers vs thanos,2019-04-13 16:47:59
352,rt thanos coming hulk,2019-04-13 16:47:58
353,lil drawing thanos adamwarlock back infinityguantlet marvel comics art,2019-04-13 16:47:57
354,rt thanos coming hulk,2019-04-13 16:47:57
355,rt half fridge empty thanos avengersendgame,2019-04-13 16:47:56
356,rt know doin needs done one willing act upon thanos,2019-04-13 16:47:49
357,rt believe really going save universe thanos taylorswiftapril,2019-04-13 16:47:47
358,rt thanos coming hulk,2019-04-13 16:47:46
359,thanos ltm,2019-04-13 16:47:45
360,cent really thanos rap,2019-04-13 16:47:44
361,rt thanos coming hulk,2019-04-13 16:47:43
362,rt dowoon legit called captain marvel noona thanos hyung asdfghjjklllznzn stan super respectful boy,2019-04-13 16:47:42
363,rt believe really going save universe thanos taylorswiftapril,2019-04-13 16:47:36
364,rt woman bisexual icon defeat thanos,2019-04-13 16:47:35
365,reminds would need endgame movie thor would used fancy n,2019-04-13 16:47:30
366,rt thanos coming hulk,2019-04-13 16:47:27
367,rt believe really going save universe thanos taylorswiftapril,2019-04-13 16:47:27
368,rt random characters would defeat thanos,2019-04-13 16:47:27
369,hate thanos thanos ugly,2019-04-13 16:47:26
370,rt thanos coming hulk,2019-04-13 16:47:24
371,rt thanos coming hulk,2019-04-13 16:47:18
372,rt believe really going save universe thanos taylorswiftapril,2019-04-13 16:47:17
373,wish thanos would snap fingers half classes semester would disappear,2019-04-13 16:47:13
374,taylor swift april th coming save world thanos finally giving us new music,2019-04-13 16:47:12
375,rt one infinity stones thanos know taylor joins avengers end,2019-04-13 16:47:07
376,rt believe taylor swift defeat thanos,2019-04-13 16:47:04
377,rt dowoon legit called captain marvel noona thanos hyung asdfghjjklllznzn stan super respectful boy,2019-04-13 16:47:03
378,rt massive spoilers hulk confirmed distract thanos got nose trick avengersendgame final battle,2019-04-13 16:47:01
379,rt one infinity stones thanos know taylor joins avengers end,2019-04-13 16:47:00
380,virgi definitely thanos,2019-04-13 16:46:59
381,rt thanos baddest person earth,2019-04-13 16:46:59
382,rt random characters would defeat thanos,2019-04-13 16:46:56
383,rt thanos coming hulk,2019-04-13 16:46:56
384,rt thanos retirement,2019-04-13 16:46:54
385,rt thanos coming hulk,2019-04-13 16:46:52
386,rt massive spoilers hulk confirmed distract thanos got nose trick avengersendgame final battle,2019-04-13 16:46:49
387,rt dowoon legit called captain marvel noona thanos hyung asdfghjjklllznzn stan super respectful boy,2019-04-13 16:46:46
388,rt random characters would defeat thanos,2019-04-13 16:46:45
389,rt thanos coming hulk,2019-04-13 16:46:37
390,rt random characters would defeat thanos,2019-04-13 16:46:33
391,rt taylor swift secret seventh infinity stone key defeating thanos clear,2019-04-13 16:46:30
392,rt plot twist taylor swift really one defeats thanos,2019-04-13 16:46:28
393,rt random characters would defeat thanos,2019-04-13 16:46:22
394,oh well look good thanos aladdin,2019-04-13 16:46:16
395,rt believe really going save universe thanos taylorswiftapril,2019-04-13 16:46:13
396,rt random characters would defeat thanos,2019-04-13 16:46:01
397,rt thanos coming hulk,2019-04-13 16:46:00
398,rt first official clip avengersendgame shows avengers planning new attack thanos,2019-04-13 16:45:49
399,jus got endgame tickets science center real imax screen thanos gon bout ft tall bitch,2019-04-13 16:45:47
400,day team want see heroes got dusted teaming survived fight,2019-04-13 16:45:46
401,rt thanos coming hulk,2019-04-13 16:45:44
402,kill thanos endgame,2019-04-13 16:45:42
403,rt believe really going save universe thanos taylorswiftapril,2019-04-13 16:45:41
404,rt believe taylor swift going defeat thanos,2019-04-13 16:45:38
405,rt dowoon legit called captain marvel noona thanos hyung asdfghjjklllznzn stan super respectful boy,2019-04-13 16:45:36
406,twice thanos,2019-04-13 16:45:35
407,rt dowoon legit called captain marvel noona thanos hyung asdfghjjklllznzn stan super respectful boy,2019-04-13 16:45:33
408,rt random characters would defeat thanos,2019-04-13 16:45:32
409,rt random characters would defeat thanos,2019-04-13 16:45:31
410,rt girl day thanos gets ass whooped avengers,2019-04-13 16:45:26
411,rt thanos coming hulk,2019-04-13 16:45:22
412,rt thanos coming hulk,2019-04-13 16:45:20
413,think beat thanos omfg,2019-04-13 16:45:15
414,rt thanos coming hulk,2019-04-13 16:45:14
415,kill thanos endgame,2019-04-13 16:45:08
416,rt wanda died sokovia instead quicksilver carol killed ronan thanos h,2019-04-13 16:45:08
417,rt believe really going save universe thanos taylorswiftapril,2019-04-13 16:45:01
418,rt dowoon legit called captain marvel noona thanos hyung asdfghjjklllznzn stan super respectful boy,2019-04-13 16:45:00
419,rt dowoon legit called captain marvel noona thanos hyung asdfghjjklllznzn stan super respectful boy,2019-04-13 16:44:58
420,rt thanos coming hulk,2019-04-13 16:44:57
421,rt random characters would defeat thanos,2019-04-13 16:44:56
422,rt harden thanos lmfao,2019-04-13 16:44:54
423,rt thanos coming hulk,2019-04-13 16:44:51
424,rt antman hey thanos spell thanos e antman forgot u thanos u antman shrinking,2019-04-13 16:44:48
425,rt thanos coming hulk,2019-04-13 16:44:43
426,rt believe really going save universe thanos taylorswiftapril,2019-04-13 16:44:38
427,rt taylor swift really coming save world thanos taylorswiftapril th,2019-04-13 16:44:36
428,rt going fight thanos wong,2019-04-13 16:44:29
429,rt tony gonna kick thanos ass strange gonna kick thanos ass quill gonna kick thanos ass thor gonn,2019-04-13 16:44:28
430,james harden thanos,2019-04-13 16:44:26
431,rt random characters would defeat thanos,2019-04-13 16:44:25
432,rt random characters would defeat thanos,2019-04-13 16:44:23
433,rt handsome thanos,2019-04-13 16:44:20
434,rt random characters would defeat thanos,2019-04-13 16:44:18
435,rt taylor swift defeat thanos,2019-04-13 16:44:17
436,rt never even crossed mind might one destroy thanos,2019-04-13 16:44:14
437,know avengers fucked see captain american fleeing highway mans even paying tolls g,2019-04-13 16:44:11
438,rt believe really going save universe thanos taylorswiftapril,2019-04-13 16:44:10
439,brooke sorrindo thanos,2019-04-13 16:44:07
440,rt thanos coming hulk,2019-04-13 16:44:07
441,rt thanos coming hulk,2019-04-13 16:44:06
442,rt thanos coming hulk,2019-04-13 16:44:03
443,antman wasp thanos inside story,2019-04-13 16:44:00
444,movie idea avengers vs food mascots captain america vs captain birdseye rocket raccoon vs coco monkey hulk vs j,2019-04-13 16:43:59
445,rt avengers going rematch thanos like,2019-04-13 16:43:58
446,rt thanos coming hulk,2019-04-13 16:43:57
447,rt random characters would defeat thanos,2019-04-13 16:43:56
448,rt thanos coming hulk,2019-04-13 16:43:55
449,gonna one defeat thanos,2019-04-13 16:43:50
450,rt thanos coming hulk,2019-04-13 16:43:50
451,rt believe really going save universe thanos taylorswiftapril,2019-04-13 16:43:49
452,rt random characters would defeat thanos,2019-04-13 16:43:48
453,rt ts lead single gonna defeat thanos taylorswiftapril,2019-04-13 16:43:42
454,rt junda debit card compromised reckless indian man thinks smell internet apparentl,2019-04-13 16:43:41
455,rt thanos coming hulk,2019-04-13 16:43:39
456,rt thanos coming hulk,2019-04-13 16:43:37
457,turn thanos,2019-04-13 16:43:34
458,rt believe taylor swift going defeat thanos,2019-04-13 16:43:32
459,rt believe really going save universe thanos taylorswiftapril,2019-04-13 16:43:27
460,rt taylor swift really coming save world thanos taylorswiftapril th,2019-04-13 16:43:26
461,rt believe really going save universe thanos taylorswiftapril,2019-04-13 16:43:25
462,oof thanos,2019-04-13 16:43:24
463,rt dowoon legit called captain marvel noona thanos hyung asdfghjjklllznzn stan super respectful boy,2019-04-13 16:43:23
464,thanos better step overs lukaku ffs,2019-04-13 16:43:19
465,rt random characters would defeat thanos,2019-04-13 16:43:17
466,bad ant man infinity war grow shrink gauntlet thanos use,2019-04-13 16:43:11
467,rt believe really going save universe thanos taylorswiftapril,2019-04-13 16:43:07
468,rt believe really going save universe thanos taylorswiftapril,2019-04-13 16:43:05
469,rt thanos coming hulk,2019-04-13 16:43:04
470,rt thanos coming hulk,2019-04-13 16:42:58
471,b blame thanos,2019-04-13 16:42:58
472,rt taylor swift defeat thanos th,2019-04-13 16:42:56
473,wanda died sokovia instead quicksilver carol killed ronan th,2019-04-13 16:42:53
474,every time go public believe thanos good guy thesnap teamthanos,2019-04-13 16:42:50
475,massive spoilers hulk confirmed distract thanos got nose trick avengersendgame final ba,2019-04-13 16:42:49
476,rt random characters would defeat thanos,2019-04-13 16:42:48
477,rt believe really going save universe thanos taylorswiftapril,2019-04-13 16:42:45
478,rt thanos snapped fingers half universe population dusted one victims,2019-04-13 16:42:43
479,rt random characters would defeat thanos,2019-04-13 16:42:42
480,rt dowoon legit called captain marvel noona thanos hyung asdfghjjklllznzn stan super respectful boy,2019-04-13 16:42:41
481,rt dowoon legit called captain marvel noona thanos hyung asdfghjjklllznzn stan super respectful boy,2019-04-13 16:42:40
482,rt dowoon legit called captain marvel noona thanos hyung asdfghjjklllznzn stan super respectful boy,2019-04-13 16:42:39
483,rt thanos coming hulk,2019-04-13 16:42:38
484,rt dowoon legit called captain marvel noona thanos hyung asdfghjjklllznzn stan super respectful boy,2019-04-13 16:42:37
485,rt want valid explination yall decided thanos snap mil views youtubegiveusour millionback http,2019-04-13 16:42:37
486,rt random characters would defeat thanos,2019-04-13 16:42:36
487,rt dowoon legit called captain marvel noona thanos hyung asdfghjjklllznzn stan super respectful boy,2019-04-13 16:42:36
488,thanos,2019-04-13 16:42:34
489,rt never even crossed mind might one destroy thanos,2019-04-13 16:42:33
490,rt goose high fiving avengers go kick thanos ass,2019-04-13 16:42:29
491,roughly half disappeared due thanos,2019-04-13 16:42:27
492,thanos always right,2019-04-13 16:42:26
493,thanos name kinda easy iwapy,2019-04-13 16:42:26
494,rt characters would defeat thanos,2019-04-13 16:42:23
495,rt never even crossed mind might one destroy thanos,2019-04-13 16:42:22
496,rt thanos retirement,2019-04-13 16:42:21
497,rt random characters would defeat thanos,2019-04-13 16:42:20
498,rt random characters would defeat thanos,2019-04-13 16:42:13
499,rt dowoon legit called captain marvel noona thanos hyung asdfghjjklllznzn stan super respectful boy,2019-04-13 16:42:12
500,rt thanos coming hulk,2019-04-13 16:42:08
501,rt dowoon legit called captain marvel noona thanos hyung asdfghjjklllznzn stan super respectful boy,2019-04-13 16:42:04
502,rt antman come take thanos easy defeat child antman see shrinks,2019-04-13 16:42:02
503,rt random characters would defeat thanos,2019-04-13 16:41:58
504,rt dowoon legit called captain marvel noona thanos hyung asdfghjjklllznzn stan super respectful boy,2019-04-13 16:41:57
505,rt thanos coming hulk,2019-04-13 16:41:55
506,rt thanos coming hulk,2019-04-13 16:41:54
507,rt ffightus let thanos crimes go unanswered legendary battle avenge lost marvelfuturefig,2019-04-13 16:41:53
508,rt believe really going save universe thanos taylorswiftapril,2019-04-13 16:41:53
509,went thanos newrules last night lol,2019-04-13 16:41:51
510,rt believe really going save universe thanos taylorswiftapril,2019-04-13 16:41:50
511,rt believe really going save universe thanos taylorswiftapril,2019-04-13 16:41:50
512,rt dowoon legit called captain marvel noona thanos hyung asdfghjjklllznzn stan super respectful boy,2019-04-13 16:41:49
513,thanos really wanted help could snapped fingers done everyone chores ugh,2019-04-13 16:41:48
514,rt going fight thanos wong,2019-04-13 16:41:47
515,rt taylor swift secret seventh infinity stone key defeating thanos clear,2019-04-13 16:41:42
516,thanos coulddefeattrump,2019-04-13 16:41:41
517,rt believe really going save universe thanos taylorswiftapril,2019-04-13 16:41:39
518,rt thanos coming hulk,2019-04-13 16:41:37
519,rt thanos coming hulk,2019-04-13 16:41:33
520,rt believe really going save universe thanos taylorswiftapril,2019-04-13 16:41:30
521,rt taylor swift defeat thanos th,2019-04-13 16:41:29
522,rt thanos coming hulk,2019-04-13 16:41:25
523,taylor swift defeat thanos,2019-04-13 16:41:23
524,rt never even crossed mind might one destroy thanos,2019-04-13 16:41:23
525,rt thanos coming hulk,2019-04-13 16:41:21
526,rt thanos retirement,2019-04-13 16:41:20
527,rt believe really going save universe thanos taylorswiftapril,2019-04-13 16:41:20
528,rt thanos coming hulk,2019-04-13 16:41:18
529,virgi thanos fuck change reality go back time,2019-04-13 16:41:15
530,rt dowoon legit called captain marvel noona thanos hyung asdfghjjklllznzn stan super respectful boy,2019-04-13 16:41:15
531,virgi thanos got feelings,2019-04-13 16:41:15
532,rt one pic describes every bad fortnite patch got thanos wielding sword polar peak head looks like,2019-04-13 16:41:07
533,rt taylor swift secret seventh infinity stone key defeating thanos clear,2019-04-13 16:41:07
534,biggest question burning hole brain defeat thanos,2019-04-13 16:41:07
535,rt dowoon legit called captain marvel noona thanos hyung asdfghjjklllznzn stan super respectful boy,2019-04-13 16:41:03
536,rt avengers going rematch thanos like,2019-04-13 16:41:01
537,rt random characters would defeat thanos,2019-04-13 16:40:58
538,rt thanos coming hulk,2019-04-13 16:40:56
539,rt antman come take thanos easy defeat child antman see shrinks,2019-04-13 16:40:55
540,rt thanos rock johnson,2019-04-13 16:40:54
541,rt thanos coming hulk,2019-04-13 16:40:52
542,rt believe really going save universe thanos taylorswiftapril,2019-04-13 16:40:51
543,kkkkkkkkk thanos,2019-04-13 16:40:49
544,rt thanos coming hulk,2019-04-13 16:40:48
545,rt man defeat thanos,2019-04-13 16:40:44
546,rt believe really going save universe thanos taylorswiftapril,2019-04-13 16:40:42
547,rt dowoon legit called captain marvel noona thanos hyung asdfghjjklllznzn stan super respectful boy,2019-04-13 16:40:40
548,rt thanos coming hulk,2019-04-13 16:40:38
549,rt believe taylor swift going defeat thanos,2019-04-13 16:40:37
550,rt dowoon legit called captain marvel noona thanos hyung asdfghjjklllznzn stan super respectful boy,2019-04-13 16:40:33
551,rt thanos coming hulk,2019-04-13 16:40:30
552,thanos yooo wtf guy aswell next level kind conspiracy going,2019-04-13 16:40:28
553,would guys mind reblogging recent posts tumblr still know work tumblr lol,2019-04-13 16:40:25
554,rt thanos coming hulk,2019-04-13 16:40:24
555,rt taylor swift secret seventh infinity stone key defeating thanos clear,2019-04-13 16:40:24
556,rt believe really going save universe thanos taylorswiftapril,2019-04-13 16:40:15
557,rt thanos coming hulk,2019-04-13 16:40:12
558,rt random characters would defeat thanos,2019-04-13 16:40:12
559,one defeat thanos,2019-04-13 16:40:11
560,rt thanos coming hulk,2019-04-13 16:40:11
561,rt dowoon legit called captain marvel noona thanos hyung asdfghjjklllznzn stan super respectful boy,2019-04-13 16:40:09
562,rt dowoon legit called captain marvel noona thanos hyung asdfghjjklllznzn stan super respectful boy,2019-04-13 16:40:01
563,like thanos snapped shit us uh,2019-04-13 16:39:56
564,rt thanos coming hulk,2019-04-13 16:39:55
565,thanos approves,2019-04-13 16:39:55
566,rt random characters would defeat thanos,2019-04-13 16:39:52
567,rt random characters would defeat thanos,2019-04-13 16:39:51
568,thanos bad guy misunderstood,2019-04-13 16:39:51
569,rt random characters would defeat thanos,2019-04-13 16:39:50
570,twice defeat thanos another gauntlet infinity stones knew,2019-04-13 16:39:49
571,rt dowoon legit called captain marvel noona thanos hyung asdfghjjklllznzn stan super respectful boy,2019-04-13 16:39:48
572,rt random characters would defeat thanos,2019-04-13 16:39:48
573,rt thanos coming hulk,2019-04-13 16:39:46
574,rt random characters would defeat thanos,2019-04-13 16:39:44
575,taylor swift announcement defeated thanos,2019-04-13 16:39:44
576,rt dowoon legit called captain marvel noona thanos hyung asdfghjjklllznzn stan super respectful boy,2019-04-13 16:39:40
577,rt antman hey thanos spell thanos e antman forgot u thanos u antman shrinking,2019-04-13 16:39:40
578,thought infinity war thought mangos thanos,2019-04-13 16:39:30
579,rt thanos coming hulk,2019-04-13 16:39:30
580,rt believe really going save universe thanos taylorswiftapril,2019-04-13 16:39:29
581,rt believe really going save universe thanos taylorswiftapril,2019-04-13 16:39:26
582,rt thanos coming hulk,2019-04-13 16:39:23
583,rt believe really going save universe thanos taylorswiftapril,2019-04-13 16:39:18
584,rt antman come take thanos easy defeat child antman see shrinks,2019-04-13 16:39:13
585,rt thanos coming hulk,2019-04-13 16:39:10
586,rt dowoon legit called captain marvel noona thanos hyung asdfghjjklllznzn stan super respectful boy,2019-04-13 16:39:07
587,rt thanos snapped fingers half universe population dusted one victims,2019-04-13 16:39:06
588,rt dowoon legit called captain marvel noona thanos hyung asdfghjjklllznzn stan super respectful boy,2019-04-13 16:39:01
589,rt drum thanos hyungnim,2019-04-13 16:39:01
590,rt dowoon legit called captain marvel noona thanos hyung asdfghjjklllznzn stan super respectful boy,2019-04-13 16:38:59
591,rt antman come take thanos easy defeat child antman see shrinks,2019-04-13 16:38:59
592,rt believe really going save universe thanos taylorswiftapril,2019-04-13 16:38:58
593,rt dowoon legit called captain marvel noona thanos hyung asdfghjjklllznzn stan super respectful boy,2019-04-13 16:38:58
594,thanos vs avengers,2019-04-13 16:38:58
595,rt believe really going save universe thanos taylorswiftapril,2019-04-13 16:38:56
596,rt thanos coming hulk,2019-04-13 16:38:52
597,rt random characters would defeat thanos,2019-04-13 16:38:50
598,rt believe really going save universe thanos taylorswiftapril,2019-04-13 16:38:48
599,rt great war forthethrone gameofthrones got,2019-04-13 16:38:46
600,rt believe really going save universe thanos taylorswiftapril,2019-04-13 16:38:42
601,rt thanos coming hulk,2019-04-13 16:38:42
602,rt sicheng exists taeil nct nctzens winctzens thanos avengers michael jackson world,2019-04-13 16:38:35
603,rt thanos coming hulk,2019-04-13 16:38:34
604,rt random characters would defeat thanos,2019-04-13 16:38:32
605,virgi thanos cos,2019-04-13 16:38:30
606,rt thanos coming hulk,2019-04-13 16:38:29
607,rt believe really going save universe thanos taylorswiftapril,2019-04-13 16:38:25
608,thanos nd tweet,2019-04-13 16:38:23
609,taylor swift end thanos,2019-04-13 16:38:22
610,rt yes taylor swift singlehandedly defeat thanos,2019-04-13 16:38:15
611,paul rudd comments ant man vs thanos fan theory new avengers film,2019-04-13 16:38:14
612,rt random characters would defeat thanos,2019-04-13 16:38:12
613,rt random characters would defeat thanos,2019-04-13 16:38:08
614,rt thanos coming hulk,2019-04-13 16:38:05
615,rt ffightus let thanos crimes go unanswered legendary battle avenge lost marvelfuturefig,2019-04-13 16:38:01
616,thanos thanos tweeted tweet tf,2019-04-13 16:38:00
617,rt thanos coming hulk,2019-04-13 16:37:57
618,rt random characters would defeat thanos,2019-04-13 16:37:56
619,rt thanos coming hulk,2019-04-13 16:37:52
620,rt thanos coming hulk,2019-04-13 16:37:52
621,rt believe really going save universe thanos taylorswiftapril,2019-04-13 16:37:51
622,rt random characters would defeat thanos,2019-04-13 16:37:51
623,thinking buying thanos bds art scale avengers infinity war statue iron studios anyone e,2019-04-13 16:37:50
624,say thanos comparisons bad guy beyondgoodandevil allhaillordthanos,2019-04-13 16:37:46
625,rt random characters would defeat thanos,2019-04-13 16:37:46
626,youtubegiveusour millionback one thanos,2019-04-13 16:37:45
627,rt believe really going save universe thanos taylorswiftapril,2019-04-13 16:37:44
628,rt dowoon legit called captain marvel noona thanos hyung asdfghjjklllznzn stan super respectful boy,2019-04-13 16:37:43
629,rt believe really going save universe thanos taylorswiftapril,2019-04-13 16:37:40
630,rt random characters would defeat thanos,2019-04-13 16:37:39
631,waiting killer smile endgame blast thanos days go india,2019-04-13 16:37:36
632,rt ant man expanding thanos butt avengersendgame,2019-04-13 16:37:35
633,rt thanos coming hulk,2019-04-13 16:37:35
634,rt somebody said lucky thanos cop joint,2019-04-13 16:37:35
635,one kill thanos possess infinity gauntlet taylor swift villain,2019-04-13 16:37:34
636,rt thanos coming hulk,2019-04-13 16:37:33
637,rt taylor swift really coming save world thanos taylorswiftapril th,2019-04-13 16:37:31
638,rt tony gonna kick thanos ass strange gonna kick thanos ass quill gonna kick thanos ass thor gonn,2019-04-13 16:37:27
639,rt random characters would defeat thanos,2019-04-13 16:37:27
640,rt thanos coming hulk,2019-04-13 16:37:24
641,thanos night king,2019-04-13 16:37:20
642,knew hawkeye powerful check kicking ass thanos exclusive avengersendgame cl,2019-04-13 16:37:20
643,rt thanos coming hulk,2019-04-13 16:37:19
644,thanos w deadpoolu,2019-04-13 16:37:16
645,rt thanos coming hulk,2019-04-13 16:37:11
646,making thanos voice gone notification box lol,2019-04-13 16:37:11
647,rt thanos coming hulk,2019-04-13 16:37:11
648,rt dowoon legit called captain marvel noona thanos hyung asdfghjjklllznzn stan super respectful boy,2019-04-13 16:37:11
649,almost sure gonna happen thanos really gets defeated antman snuck assho,2019-04-13 16:37:06
650,rt dowoon legit called captain marvel noona thanos hyung asdfghjjklllznzn stan super respectful boy,2019-04-13 16:37:03
651,rt thanos coming hulk,2019-04-13 16:37:01
652,rt dowoon legit called captain marvel noona thanos hyung asdfghjjklllznzn stan super respectful boy,2019-04-13 16:36:56
653,rt believe really going save universe thanos taylorswiftapril,2019-04-13 16:36:55
654,rt dowoon legit called captain marvel noona thanos hyung asdfghjjklllznzn stan super respectful boy,2019-04-13 16:36:55
655,rt thanos coming hulk,2019-04-13 16:36:50
656,rt thanos retirement,2019-04-13 16:36:49
657,rt thanos coming hulk,2019-04-13 16:36:49
658,rt random characters would defeat thanos,2019-04-13 16:36:49
659,rt thanos coming hulk,2019-04-13 16:36:48
660,rt plot twist actually last infinity stone defeat thanos taylorswiftapril,2019-04-13 16:36:46
661,unboxing inch thanos funko pop avengers infinity war via smallyoutubers,2019-04-13 16:36:43
662,rt thanos coming hulk,2019-04-13 16:36:42
663,rt believe really going save universe thanos taylorswiftapril,2019-04-13 16:36:39
664,rt thanos coming hulk,2019-04-13 16:36:37
665,rt thanos coming hulk,2019-04-13 16:36:32
666,rt believe really going save universe thanos taylorswiftapril,2019-04-13 16:36:27
667,rt believe really going save universe thanos taylorswiftapril,2019-04-13 16:36:27
668,astro nerd little afraid honest going happen favourite characters even thanos,2019-04-13 16:36:26
669,believe taylor kill thanos,2019-04-13 16:36:26
670,rt thanos coming hulk,2019-04-13 16:36:26
671,rt taylor swift secret seventh infinity stone key defeating thanos clear,2019-04-13 16:36:25
672,rt random characters would defeat thanos,2019-04-13 16:36:24
673,rt believe really going save universe thanos taylorswiftapril,2019-04-13 16:36:24
674,rt thanos coming hulk,2019-04-13 16:36:23
675,defeat thanos taylorswiftapril,2019-04-13 16:36:21
676,rt thanos proposing crush,2019-04-13 16:36:18
677,rt ant man expanding thanos butt avengersendgame,2019-04-13 16:36:16
678,rt somebody said lucky thanos cop joint,2019-04-13 16:36:12
679,rt allowed washed away reversed time much onl,2019-04-13 16:36:10
680,rt thanos coming hulk,2019-04-13 16:36:09
681,team thanos,2019-04-13 16:36:08
682,rt thanos coming hulk,2019-04-13 16:36:04
683,rt taylor swift secret seventh infinity stone key defeating thanos clear,2019-04-13 16:35:57
684,rt thanos coming hulk,2019-04-13 16:35:57
685,rt random characters would defeat thanos,2019-04-13 16:35:57
686,okay saying trump also gone thanos snap maybe avengers need fix anything,2019-04-13 16:35:56
687,two weeks know know tony survives know steve sacrifices know,2019-04-13 16:35:53
688,rt taylor swift defeat thanos th,2019-04-13 16:35:53
689,rt thanos coming hulk,2019-04-13 16:35:49
690,rt thanos coming hulk,2019-04-13 16:35:48
691,rt random characters would defeat thanos,2019-04-13 16:35:47
692,rt random characters would defeat thanos,2019-04-13 16:35:46
693,rt taylor swift defeat thanos th,2019-04-13 16:35:45
694,rt thanos coming hulk,2019-04-13 16:35:44
695,rt spoiler alert four women defeat thanos,2019-04-13 16:35:43
696,rt random characters would defeat thanos,2019-04-13 16:35:35
697,rt power defeat thanos,2019-04-13 16:35:32
698,rt taylor swift really coming save world thanos taylorswiftapril th,2019-04-13 16:35:31
699,rt believe really going save universe thanos taylorswiftapril,2019-04-13 16:35:30
700,rt thanos coming hulk,2019-04-13 16:35:28
701,rt taylor swift secret seventh infinity stone key defeating thanos clear,2019-04-13 16:35:17
702,long thanos takes care half population cool finding via spoiler,2019-04-13 16:35:16
703,thats dunet thanos asshole,2019-04-13 16:35:14
704,rt dowoon legit called captain marvel noona thanos hyung asdfghjjklllznzn stan super respectful boy,2019-04-13 16:35:13
705,witch tahlia even thought possibility loki remember thanos therefore wo,2019-04-13 16:35:13
706,rt final season begins tomorrow gameofthrones,2019-04-13 16:35:10
707,rt thanos coming hulk,2019-04-13 16:35:09
708,one defeat thanos,2019-04-13 16:35:06
709,rt dowoon legit called captain marvel noona thanos hyung asdfghjjklllznzn stan super respectful boy,2019-04-13 16:35:03
710,rt yes taylor swift singlehandedly defeat thanos,2019-04-13 16:35:03
711,niggas got james harden thanos like cp hammys hardens skills get snapped existence last year,2019-04-13 16:34:56
712,saying god realistic humans pumping tones co air mys,2019-04-13 16:34:56
713,rt believe really going save universe thanos taylorswiftapril,2019-04-13 16:34:54
714,rt dowoon legit called captain marvel noona thanos hyung asdfghjjklllznzn stan super respectful boy,2019-04-13 16:34:53
715,rt thanos coming hulk,2019-04-13 16:34:52
716,rt one infinity stones thanos know taylor joins avengers end,2019-04-13 16:34:51
717,damn thanos dusted magic already,2019-04-13 16:34:48
718,infuriating wonder social media wver pull together something,2019-04-13 16:34:48
719,rt thanos coming hulk,2019-04-13 16:34:46
720,rt thanos retirement,2019-04-13 16:34:46
721,rt thanos coming hulk,2019-04-13 16:34:45
722,rt thanos baddest person earth,2019-04-13 16:34:42
723,rt believe really going save universe thanos taylorswiftapril,2019-04-13 16:34:41
724,rt dowoon legit called captain marvel noona thanos hyung asdfghjjklllznzn stan super respectful boy,2019-04-13 16:34:38
725,rt half fridge empty thanos avengersendgame,2019-04-13 16:34:36
726,rt random characters would defeat thanos,2019-04-13 16:34:30
727,rt dowoon legit called captain marvel noona thanos hyung asdfghjjklllznzn stan super respectful boy,2019-04-13 16:34:27
728,believe gamora actually thought could kill thanos like,2019-04-13 16:34:26
729,thing thanos would use flex seal family products seal asshole ant man,2019-04-13 16:34:26
730,rt thanos coming hulk,2019-04-13 16:34:24
731,taylor vs thanos taylor vs old town road taylor vs bank account taylorswiftapril,2019-04-13 16:34:24
732,rt believe really going save universe thanos taylorswiftapril,2019-04-13 16:34:23
733,rt thanos coming hulk,2019-04-13 16:34:20
734,rt thanos coming hulk,2019-04-13 16:34:14
735,rt forget avengers endgame eliza engagement ring topic moment thanos shaking,2019-04-13 16:34:13
736,rt thanos coming hulk,2019-04-13 16:34:12
737,rt dowoon legit called captain marvel noona thanos hyung asdfghjjklllznzn stan super respectful boy,2019-04-13 16:34:11
738,rt believe really going save universe thanos taylorswiftapril,2019-04-13 16:34:08
739,rt random characters would defeat thanos,2019-04-13 16:34:08
740,thanos returned get tshirt dj decals toys look great opening,2019-04-13 16:34:07
741,rt thanos retirement,2019-04-13 16:34:06
742,rt writer bodyguard black thanos blanos,2019-04-13 16:34:06
743,rt thanos coming hulk,2019-04-13 16:34:02
744,rt thanos coming hulk,2019-04-13 16:34:00
745,son thanos leave message,2019-04-13 16:33:59
746,rt believe really going save universe thanos taylorswiftapril,2019-04-13 16:33:59
747,last infinity stone avengers need defeat thanos,2019-04-13 16:33:59
748,rt believe really going save universe thanos taylorswiftapril,2019-04-13 16:33:54
749,rt thanos coming hulk,2019-04-13 16:33:54
750,rt believe taylor swift going defeat thanos,2019-04-13 16:33:50
751,rt thanos coming hulk,2019-04-13 16:33:47
752,rt thanos retirement,2019-04-13 16:33:43
753,rt random characters would defeat thanos,2019-04-13 16:33:39
754,rt believe really going save universe thanos taylorswiftapril,2019-04-13 16:33:38
755,rt one infinity stones thanos know taylor joins avengers end,2019-04-13 16:33:35
756,rt dowoon legit called captain marvel noona thanos hyung asdfghjjklllznzn stan super respectful boy,2019-04-13 16:33:34
757,rt thanos coming hulk,2019-04-13 16:33:34
758,last infinity stone swift defeat thanos,2019-04-13 16:33:32
759,someone know thanos mode comes back fortnite thanosmode es,2019-04-13 16:33:27
760,rt therapist thanos bruce real hurt thanos bruce,2019-04-13 16:33:24
761,rt random characters would defeat thanos,2019-04-13 16:33:23
762,rt thanos biggest bad guy emperor palpatine starwars episodeix,2019-04-13 16:33:23
763,rt random characters would defeat thanos,2019-04-13 16:33:21
764,rt thanos coming hulk,2019-04-13 16:33:20
765,rt else imma go get hit gas pump get set fire get arrested go thanos,2019-04-13 16:33:19
766,rt thanos coming hulk,2019-04-13 16:33:18
767,rt taylor swift really coming save world thanos taylorswiftapril th,2019-04-13 16:33:17
768,guys got taylor swift making cameo new avengers named end game taylor,2019-04-13 16:33:16
769,defeat thanos country album comeback,2019-04-13 16:33:16
770,rt thanos coming hulk,2019-04-13 16:33:15
771,thanos catches woah,2019-04-13 16:33:13
772,caught marvel movies ya know mad peter quill punching thanos reckon,2019-04-13 16:33:13
773,rt antman hey thanos spell thanos e antman forgot u thanos u antman shrinking,2019-04-13 16:33:13
774,rt thanos coming hulk,2019-04-13 16:33:12
775,rt fancams blackpink que derrotariam thanos thread,2019-04-13 16:33:12
776,rt thanos coming hulk,2019-04-13 16:33:12
777,rt random characters would defeat thanos,2019-04-13 16:33:11
778,rt thanos coming hulk,2019-04-13 16:33:11
779,rt thanos coming hulk,2019-04-13 16:33:10
780,rt antman hey thanos spell thanos e antman forgot u thanos u antman shrinking,2019-04-13 16:33:09
781,rt random characters would defeat thanos,2019-04-13 16:33:09
782,rt ffightus let thanos crimes go unanswered legendary battle avenge lost marvelfuturefig,2019-04-13 16:33:06
783,rt believe really going save universe thanos taylorswiftapril,2019-04-13 16:33:05
784,rt random characters would defeat thanos,2019-04-13 16:33:05
785,rt random characters would defeat thanos,2019-04-13 16:33:03
786,rt thanos coming hulk,2019-04-13 16:32:55
787,rt never even crossed mind might one destroy thanos,2019-04-13 16:32:53
788,rt random characters would defeat thanos,2019-04-13 16:32:52
789,rt dowoon legit called captain marvel noona thanos hyung asdfghjjklllznzn stan super respectful boy,2019-04-13 16:32:50
790,rt thanos coming hulk,2019-04-13 16:32:50
791,rt thanos coming hulk,2019-04-13 16:32:46
792,rt creativity man yaaru saamy neengalaam,2019-04-13 16:32:46
793,rt believe really going save universe thanos taylorswiftapril,2019-04-13 16:32:45
794,rt random characters would defeat thanos,2019-04-13 16:32:42
795,rt thanos coming hulk,2019-04-13 16:32:40
796,lol thanos killed everybody needed dead still mean mea,2019-04-13 16:32:38
797,rt one infinity stones thanos know taylor joins avengers end,2019-04-13 16:32:37
798,rt random characters would defeat thanos,2019-04-13 16:32:35
799,rt believe taylor swift going defeat thanos,2019-04-13 16:32:34
800,rt thanos coming hulk,2019-04-13 16:32:33
801,rt thanos coming hulk,2019-04-13 16:32:27
802,rt taylor swift defeat thanos,2019-04-13 16:32:25
803,rt random characters would defeat thanos,2019-04-13 16:32:25
804,demigod almost got crushed thanos strength,2019-04-13 16:32:23
805,rt thanos coming hulk,2019-04-13 16:32:21
806,rt never even crossed mind might one destroy thanos,2019-04-13 16:32:20
807,rt thanos coming hulk,2019-04-13 16:32:20
808,rt random characters would defeat thanos,2019-04-13 16:32:17
809,rt thanos coming hulk,2019-04-13 16:32:16
810,thanos coulddefeattrump,2019-04-13 16:32:15
811,rt want thanos win,2019-04-13 16:32:14
812,rt random characters would defeat thanos,2019-04-13 16:32:11
813,hell avengers excellently certain wyld stallyns could easily stop thanos,2019-04-13 16:32:09
814,rt sicheng exists taeil nct nctzens winctzens thanos avengers michael jackson world,2019-04-13 16:32:06
815,rt random characters would defeat thanos,2019-04-13 16:32:03
816,rt agent destroy free speech right demands legal corporate action response rhetoric lit,2019-04-13 16:32:02
817,rt believe really going save universe thanos taylorswiftapril,2019-04-13 16:31:57
818,paul rudd comments ant man vs thanos fan theory new avengers film via r videos,2019-04-13 16:31:52
819,happens avengers endgame got release month april month end game thanos,2019-04-13 16:31:48
820,calm going defeat thanos bisexual powers,2019-04-13 16:31:47
821,rt thanos coming hulk,2019-04-13 16:31:45
822,days till nebula kills thanos huh,2019-04-13 16:31:45
823,rt ant man expanding thanos butt avengersendgame,2019-04-13 16:31:43
824,rt thanos retirement,2019-04-13 16:31:43
825,rt believe really going save universe thanos taylorswiftapril,2019-04-13 16:31:36
826,rt random characters would defeat thanos,2019-04-13 16:31:36
827,rt sicheng exists taeil nct nctzens winctzens thanos avengers michael jackson world,2019-04-13 16:31:31
828,rt thanos coming hulk,2019-04-13 16:31:31
829,rt dowoon legit called captain marvel noona thanos hyung asdfghjjklllznzn stan super respectful boy,2019-04-13 16:31:30
830,rt random characters would defeat thanos,2019-04-13 16:31:30
831,rt believe really going save universe thanos taylorswiftapril,2019-04-13 16:31:28
832,rt random characters would defeat thanos,2019-04-13 16:31:16
833,wanna put thanos gonna bust denver might even sweep em,2019-04-13 16:31:14
834,rt thanos coming hulk,2019-04-13 16:31:11
835,rt reply tweet characters would defeated thanos start,2019-04-13 16:31:05
836,rt random characters would defeat thanos,2019-04-13 16:31:01
837,rt believe really going save universe thanos taylorswiftapril,2019-04-13 16:30:58
838,rt taylor swift song called end game last avengers movie called endgame taylor swift announcement,2019-04-13 16:30:56
839,rt thanos coming hulk,2019-04-13 16:30:51
840,rt random characters would defeat thanos,2019-04-13 16:30:49
841,rt dowoon legit called captain marvel noona thanos hyung asdfghjjklllznzn stan super respectful boy,2019-04-13 16:30:46
842,rt thanos coming hulk,2019-04-13 16:30:42
843,rt random characters would defeat thanos,2019-04-13 16:30:41
844,rt random characters would defeat thanos,2019-04-13 16:30:40
845,jon snow convince thanos bigger war fight small quarrels help us,2019-04-13 16:30:40
846,rt palpatine star wars saga main villain thanos mcu main villain,2019-04-13 16:30:40
847,rt believe really going save universe thanos taylorswiftapril,2019-04-13 16:30:39
848,taylor coming destroy thanos crystal taylorsswiftapril,2019-04-13 16:30:38
849,even endgame avengers avengersendgame endgame marvel disney marvelstudios ironman,2019-04-13 16:30:29
850,endgame almost listen episode breaking history thanos infinity gems stones,2019-04-13 16:30:25
851,rt random characters would defeat thanos,2019-04-13 16:30:25
852,rt random characters would defeat thanos,2019-04-13 16:30:24
853,rt dowoon legit called captain marvel noona thanos hyung asdfghjjklllznzn stan super respectful boy,2019-04-13 16:30:22
854,rt random characters would defeat thanos,2019-04-13 16:30:21
855,rt believe really going save universe thanos taylorswiftapril,2019-04-13 16:30:20
856,rt never even crossed mind might one destroy thanos,2019-04-13 16:30:18
857,low key thanos without stones,2019-04-13 16:30:17
858,rt way dangerous thanos imho,2019-04-13 16:30:16
859,rt random characters would defeat thanos,2019-04-13 16:30:15
860,rt believe really going save universe thanos taylorswiftapril,2019-04-13 16:30:07
861,rt believe really going save universe thanos taylorswiftapril,2019-04-13 16:30:01
862,thanos sacrificed gamora cried hot tears,2019-04-13 16:29:59
863,rt sicheng exists taeil nct nctzens winctzens thanos avengers michael jackson world,2019-04-13 16:29:58
864,rt taylor swift defeat thanos,2019-04-13 16:29:56
865,rt random characters would defeat thanos,2019-04-13 16:29:51
866,thanos time stone see avengers plans like dr strange possibl,2019-04-13 16:29:42
867,call thanos hyung,2019-04-13 16:29:41
868,rt thanos coming hulk,2019-04-13 16:29:40
869,rt thanos coming hulk,2019-04-13 16:29:37
870,thanos really turn hulk pussy,2019-04-13 16:29:34
871,rt believe really going save universe thanos taylorswiftapril,2019-04-13 16:29:34
872,rt antman hey thanos spell thanos e antman forgot u thanos u antman shrinking,2019-04-13 16:29:30
873,coming thanos ass,2019-04-13 16:29:30
874,rt dowoon legit called captain marvel noona thanos hyung asdfghjjklllznzn stan super respectful boy,2019-04-13 16:29:28
875,rt people thinking antman defeat thanos taylor swift come rescue,2019-04-13 16:29:28
876,kd thanos giannis kd spot bad graphic,2019-04-13 16:29:26
877,hey messyourself committed thanos snap,2019-04-13 16:29:25
878,rt thanos coming hulk,2019-04-13 16:29:25
879,rt antman hey thanos spell thanos e antman forgot u thanos u antman shrinking,2019-04-13 16:29:18
880,rt thanos plant,2019-04-13 16:29:17
881,rt one pic describes every bad fortnite patch got thanos wielding sword polar peak head looks like,2019-04-13 16:29:12
882,rt thanos coming hulk,2019-04-13 16:29:11
883,rt antman hey thanos spell thanos e antman forgot u thanos u antman shrinking,2019-04-13 16:29:10
884,rt thriller april th firstlook update thalapathy birthday ku fl illa thalapathy,2019-04-13 16:29:10
885,wish thanos real thing could use mighty snap make electorate disappear,2019-04-13 16:28:58
886,oh shiiiiiet,2019-04-13 16:28:58
887,,2019-04-13 16:28:55
888,rt spoiler alert four women defeat thanos,2019-04-13 16:28:54
889,rt istg shit like makes understand thanos snapped fingers unfortunate f,2019-04-13 16:28:52
890,jatin mountain thanos,2019-04-13 16:28:51
891,rt dowoon legit called captain marvel noona thanos hyung asdfghjjklllznzn stan super respectful boy,2019-04-13 16:28:49
892,lately amused use thanos snap minecraft server refer server crashes deletion,2019-04-13 16:28:48
893,queen coming back believe one defies thanos ts,2019-04-13 16:28:47
894,rt thanos coming hulk,2019-04-13 16:28:44
895,rt deserves defeat thanos hint one right answer,2019-04-13 16:28:44
896,rt believe really going save universe thanos taylorswiftapril,2019-04-13 16:28:40
897,rt thanos coming hulk,2019-04-13 16:28:35
898,rt thanos coming hulk,2019-04-13 16:28:32
899,rt thanos coming hulk,2019-04-13 16:28:30
900,rt thanos coming hulk,2019-04-13 16:28:26
901,thanos snapped put lofi main stage coachella,2019-04-13 16:28:20
902,rt random characters would defeat thanos,2019-04-13 16:28:18
903,kept thinking would investor name dog thanos elizabeth holmes scammy fraud company,2019-04-13 16:28:18
904,rt thanos coming hulk,2019-04-13 16:28:17
905,bring thanos,2019-04-13 16:28:13
906,iron man fighting thanos dream lu mi pa,2019-04-13 16:28:13
907,rt stop pretending ur thanos turning hard work dust youtubegiveusour millionback,2019-04-13 16:28:07
908,rt sparkles thanos gone head later proceeds wear headgear endgame everyone sly little,2019-04-13 16:28:06
909,rt characters would defeat thanos,2019-04-13 16:28:03
910,rt believe really going save universe thanos taylorswiftapril,2019-04-13 16:27:59
911,rt believe really going save universe thanos taylorswiftapril,2019-04-13 16:27:57
912,thanos coulddefeattrump yes desperate world,2019-04-13 16:27:56
913,rt thanos coming hulk,2019-04-13 16:27:53
914,rt thanos coming hulk,2019-04-13 16:27:52
915,rt going fight thanos wong,2019-04-13 16:27:49
916,rt believe really going save universe thanos taylorswiftapril,2019-04-13 16:27:45
917,lmao shit funny yeah thanos would best choice lol reason violence lo,2019-04-13 16:27:43
918,rt taylor swift really coming save world thanos taylorswiftapril th,2019-04-13 16:27:43
919,plot twist taylor swift defeat thanos taylorsswiftapril,2019-04-13 16:27:42
920,rt yes taylor swift singlehandedly defeat thanos,2019-04-13 16:27:42
921,rt believe really going save universe thanos taylorswiftapril,2019-04-13 16:27:41
922,rt thanos coming hulk,2019-04-13 16:27:40
923,rt thanos coming hulk,2019-04-13 16:27:36
924,rt thanos coming hulk,2019-04-13 16:27:34
925,rt random characters would defeat thanos,2019-04-13 16:27:30
926,rt successfully booking tickets endgame challenging avengers actually defeating thanos,2019-04-13 16:27:29
927,rt believe taylor swift going defeat thanos,2019-04-13 16:27:27
928,rt random characters would defeat thanos,2019-04-13 16:27:25
929,rt man stop thanos,2019-04-13 16:27:25
930,rt spoilers endgame alex defeat thanos send tweet,2019-04-13 16:27:22
931,iron man captain america reuniting take thanos avengers endgame,2019-04-13 16:27:22
932,gonna defeat thanos,2019-04-13 16:27:17
933,rt random characters would defeat thanos,2019-04-13 16:27:13
934,rt believe really going save universe thanos taylorswiftapril,2019-04-13 16:27:13
935,rt thanos coming hulk,2019-04-13 16:27:06
936,stop pretending ur thanos turning hard work dust youtubegiveusour millionback,2019-04-13 16:26:58
937,rt characters would defeat thanos,2019-04-13 16:26:58
938,rt dowoon legit called captain marvel noona thanos hyung asdfghjjklllznzn stan super respectful boy,2019-04-13 16:26:58
939,rt random characters would defeat thanos,2019-04-13 16:26:55
940,rt thanos coming hulk,2019-04-13 16:26:55
941,rt coz clap tf laughing wowing clapping appropriate times orderly like queen,2019-04-13 16:26:48
942,rt sicheng exists taeil nct nctzens winctzens thanos avengers michael jackson world,2019-04-13 16:26:47
943,rt days till endgame thanos gave,2019-04-13 16:26:46
944,rt believe really going save universe thanos taylorswiftapril,2019-04-13 16:26:46
945,rt thanos coming hulk,2019-04-13 16:26:45
946,rt never even crossed mind might one destroy thanos,2019-04-13 16:26:43
947,wanna record soccer today thor outside preparing thanos,2019-04-13 16:26:41
948,rt believe really going save universe thanos taylorswiftapril,2019-04-13 16:26:40
949,rt believe really going save universe thanos taylorswiftapril,2019-04-13 16:26:39
950,rt random characters would defeat thanos,2019-04-13 16:26:38
951,rt thanos coming hulk,2019-04-13 16:26:38
952,rt believe really going save universe thanos taylorswiftapril,2019-04-13 16:26:37
953,rt believe really going save universe thanos taylorswiftapril,2019-04-13 16:26:36
954,endgame theory go back time avengers iron man still nuke bomb hole,2019-04-13 16:26:34
955,rt thanos coming hulk,2019-04-13 16:26:34
956,rt antman hey thanos spell thanos e antman forgot u thanos u antman shrinking,2019-04-13 16:26:33
957,rt thanos coming hulk,2019-04-13 16:26:32
958,rt thanos coming hulk,2019-04-13 16:26:32
959,rt happy moment ago every army streaming peacefully cheering everyone hyping bts snl sna,2019-04-13 16:26:30
960,rt thanos avengerendgame,2019-04-13 16:26:24
961,rt dowoon legit called captain marvel noona thanos hyung asdfghjjklllznzn stan super respectful boy,2019-04-13 16:26:23
962,rt wait fo avengers imma go like dis el thanos vale verga,2019-04-13 16:26:21
963,rt never even crossed mind might one destroy thanos,2019-04-13 16:26:19
964,rt random characters would defeat thanos,2019-04-13 16:26:15
965,rt thanos coming hulk,2019-04-13 16:26:10
966,rt writer bodyguard black thanos blanos,2019-04-13 16:26:02
967,rt spoiler alert four women defeat thanos,2019-04-13 16:26:01
968,rt never even crossed mind might one destroy thanos,2019-04-13 16:26:01
969,rt thanos coming hulk,2019-04-13 16:26:00
970,rt random characters would defeat thanos,2019-04-13 16:25:59
971,rt believe really going save universe thanos taylorswiftapril,2019-04-13 16:25:57
972,rt taylor swift secret seventh infinity stone key defeating thanos clear,2019-04-13 16:25:56
973,rt loki last words thanos never god best last words ever,2019-04-13 16:25:52
974,rt dowoon legit called captain marvel noona thanos hyung asdfghjjklllznzn stan super respectful boy,2019-04-13 16:25:44
975,im buff thanos,2019-04-13 16:25:42
976,rt thanos coming hulk,2019-04-13 16:25:42
977,rt believe really going save universe thanos taylorswiftapril,2019-04-13 16:25:41
978,rt dowoon legit called captain marvel noona thanos hyung asdfghjjklllznzn stan super respectful boy,2019-04-13 16:25:40
979,rt never even crossed mind might one destroy thanos,2019-04-13 16:25:40
980,rt believe really going save universe thanos taylorswiftapril,2019-04-13 16:25:40
981,rt thanos coming hulk,2019-04-13 16:25:39
982,rt random characters would defeat thanos,2019-04-13 16:25:35
983,rt taylor swift secret seventh infinity stone key defeating thanos clear,2019-04-13 16:25:28
984,rt thanos retirement,2019-04-13 16:25:25
985,rt thanos coming hulk,2019-04-13 16:25:24
986,rt thanos retirement,2019-04-13 16:25:24
987,course would portray harden thanos hate real,2019-04-13 16:25:23
988,rt jenna marbles defeat thanos,2019-04-13 16:25:20
989,rt believe taylor swift defeat thanos,2019-04-13 16:25:18
990,rt thanos coming hulk,2019-04-13 16:25:17
991,rt antman hey thanos spell thanos e antman forgot u thanos u antman shrinking,2019-04-13 16:25:16
992,rt believe really going save universe thanos taylorswiftapril,2019-04-13 16:25:14
993,rt thanos coming hulk,2019-04-13 16:25:06
994,rt random characters would defeat thanos,2019-04-13 16:25:06
995,rt random characters would defeat thanos,2019-04-13 16:25:06
996,rt taylor swift really coming save world thanos taylorswiftapril th,2019-04-13 16:25:03
997,rt believe really going save universe thanos taylorswiftapril,2019-04-13 16:25:02
998,marvel fan believe thanos right,2019-04-13 16:25:01
999,rt random characters would defeat thanos,2019-04-13 16:25:00
