,Timestamp,Tweet
0,2019-04-13 14:38:35,RT @woy: Never even crossed my mind that @taylorswift13 might be the one to destroy Thanos on 04.26.
1,2019-04-13 14:38:34,"RT @90sSugarDaddy: â€œThanos is comingâ€

Hulk:

 https://t.co/lQNgDckES2"
2,2019-04-13 14:38:32,RT @courtneypochin: Can you believe @taylorswift13 is really going to save the universe from Thanos???? #TaylorSwiftApril26 https://t.co/evâ€¦
3,2019-04-13 14:38:32,"RT @naruhina_07: Antman: I've come to take you down!

Thanos: but it's not that easy to defeat me, child!!

Antman: we'll see that *shrinksâ€¦"
4,2019-04-13 14:38:31,"RT @noobde: Do NOT mess with Princess Kitana.
https://t.co/gsIY08yfYw"
5,2019-04-13 14:38:30,RT @uniquenawesome: Random characters that would defeat thanos https://t.co/eaOpE7F10j
6,2019-04-13 14:38:26,RT @rouglack: Dowoon legit called Captain Marvel as â€œTHAT NOONAâ€ and â€œTHANOS HYUNGâ€ asdfghjjklllznzn we stan a super respectful boy!!! ğŸ˜­ğŸ˜­ğŸ¤£ğŸ¤£â€¦
7,2019-04-13 14:38:24,RT @rouglack: Dowoon legit called Captain Marvel as â€œTHAT NOONAâ€ and â€œTHANOS HYUNGâ€ asdfghjjklllznzn we stan a super respectful boy!!! ğŸ˜­ğŸ˜­ğŸ¤£ğŸ¤£â€¦
8,2019-04-13 14:38:21,RT @courtneypochin: Can you believe @taylorswift13 is really going to save the universe from Thanos???? #TaylorSwiftApril26 https://t.co/evâ€¦
9,2019-04-13 14:38:20,RT @rouglack: Dowoon legit called Captain Marvel as â€œTHAT NOONAâ€ and â€œTHANOS HYUNGâ€ asdfghjjklllznzn we stan a super respectful boy!!! ğŸ˜­ğŸ˜­ğŸ¤£ğŸ¤£â€¦
10,2019-04-13 14:38:20,RT @uniquenawesome: Random characters that would defeat thanos https://t.co/eaOpE7F10j
11,2019-04-13 14:38:19,RT @matthewables98: @ChrisEvans I tried playing The Avengers theme wearing Thanosâ€™ infinity gauntlet https://t.co/0yGv7GugIp
12,2019-04-13 14:38:18,RT @uniquenawesome: Random characters that would defeat thanos https://t.co/eaOpE7F10j
13,2019-04-13 14:38:18,RT @courtneypochin: Can you believe @taylorswift13 is really going to save the universe from Thanos???? #TaylorSwiftApril26 https://t.co/evâ€¦
14,2019-04-13 14:38:18,RT @rouglack: Dowoon legit called Captain Marvel as â€œTHAT NOONAâ€ and â€œTHANOS HYUNGâ€ asdfghjjklllznzn we stan a super respectful boy!!! ğŸ˜­ğŸ˜­ğŸ¤£ğŸ¤£â€¦
15,2019-04-13 14:38:18,RT @NehaDevna: People who can bite into ice cream and chew it without feeling any pain in their teeth are more powerful than Thanos.
16,2019-04-13 14:38:17,@sir_virgi @BratGains Thanos âœŒseconds
17,2019-04-13 14:38:10,RT @uniquenawesome: Random characters that would defeat thanos https://t.co/eaOpE7F10j
18,2019-04-13 14:38:10,"Taylor Swift is really coming to save the world from Thanos, isnâ€™t she? #TaylorSwiftApril26th"
19,2019-04-13 14:38:10,RT @courtneypochin: Can you believe @taylorswift13 is really going to save the universe from Thanos???? #TaylorSwiftApril26 https://t.co/evâ€¦
20,2019-04-13 14:38:09,RT @uniquenawesome: Random characters that would defeat thanos https://t.co/eaOpE7F10j
21,2019-04-13 14:38:07,RT @rouglack: Dowoon legit called Captain Marvel as â€œTHAT NOONAâ€ and â€œTHANOS HYUNGâ€ asdfghjjklllznzn we stan a super respectful boy!!! ğŸ˜­ğŸ˜­ğŸ¤£ğŸ¤£â€¦
22,2019-04-13 14:37:53,RT @courtneypochin: Can you believe @taylorswift13 is really going to save the universe from Thanos???? #TaylorSwiftApril26 https://t.co/evâ€¦
23,2019-04-13 14:37:52,RT @fabuIoser: taylor swift will defeat thanos on the 26th
24,2019-04-13 14:37:49,RT @courtneypochin: Can you believe @taylorswift13 is really going to save the universe from Thanos???? #TaylorSwiftApril26 https://t.co/evâ€¦
25,2019-04-13 14:37:45,"RT @90sSugarDaddy: â€œThanos is comingâ€

Hulk:

 https://t.co/lQNgDckES2"
26,2019-04-13 14:37:43,RT @courtneypochin: Can you believe @taylorswift13 is really going to save the universe from Thanos???? #TaylorSwiftApril26 https://t.co/evâ€¦
27,2019-04-13 14:37:41,Lrt @ hoom there's a life size thanos in ph waiting for you lol
28,2019-04-13 14:37:41,"RT @90sSugarDaddy: â€œThanos is comingâ€

Hulk:

 https://t.co/lQNgDckES2"
29,2019-04-13 14:37:39,ur the Thanos is gay villian
30,2019-04-13 14:37:38,RT @uniquenawesome: Random characters that would defeat thanos https://t.co/eaOpE7F10j
31,2019-04-13 14:37:38,"RT @90sSugarDaddy: â€œThanos is comingâ€

Hulk:

 https://t.co/lQNgDckES2"
32,2019-04-13 14:37:37,"this is war... or somehow it feels like avengers and game,, youtube can be thanos while you choose your own hero. Iâ€¦ https://t.co/rmYneWaJr7"
33,2019-04-13 14:37:36,RT @9GAG: Ant-man after expanding in Thanosâ€™ butt in #AvengersEndgame https://t.co/Pwd6RCW0Lw
34,2019-04-13 14:37:36,RT @courtneypochin: Can you believe @taylorswift13 is really going to save the universe from Thanos???? #TaylorSwiftApril26 https://t.co/evâ€¦
35,2019-04-13 14:37:35,"RT @JarvFN: This one pic describes every bad Fortnite patch. You got Thanos, wielding the sword from Polar Peak, and his head looks like aâ€¦"
36,2019-04-13 14:37:34,RT @uniquenawesome: Random characters that would defeat thanos https://t.co/eaOpE7F10j
37,2019-04-13 14:37:16,"RT @OH_Kudilz: As we all know,
Winter is here and Thanos has come.
Please as we approach this very crucial time in our lives lets not spoilâ€¦"
38,2019-04-13 14:37:15,"RT @90sSugarDaddy: â€œThanos is comingâ€

Hulk:

 https://t.co/lQNgDckES2"
39,2019-04-13 14:37:13,"RT @MikeyMurphy: Loki's last words to Thanos ""you will never be a god"" are the best last words ever"
40,2019-04-13 14:37:10,"RT @90sSugarDaddy: â€œThanos is comingâ€

Hulk:

 https://t.co/lQNgDckES2"
41,2019-04-13 14:37:08,"RT @Y1079FM: #FreeTickets: #JoinAirtelTigo &amp; #YFMGhana to watch #AvengersEndGame on Saturday, April 27 at @SilverbirdGhana. @airteltigoghanâ€¦"
42,2019-04-13 14:37:05,RT @courtneypochin: Can you believe @taylorswift13 is really going to save the universe from Thanos???? #TaylorSwiftApril26 https://t.co/evâ€¦
43,2019-04-13 14:37:04,"RT @Mapoma_Mataka: Thanos out here wilding again ğŸ’€ğŸ¤£
#Endgame https://t.co/v8jI742w8f"
44,2019-04-13 14:37:02,neotheater is dropping the same day as avengers: endgame... @AJRBrothers is going to defeat thanos
45,2019-04-13 14:36:58,"RT @90sSugarDaddy: â€œThanos is comingâ€

Hulk:

 https://t.co/lQNgDckES2"
46,2019-04-13 14:36:57,"RT @90sSugarDaddy: â€œThanos is comingâ€

Hulk:

 https://t.co/lQNgDckES2"
47,2019-04-13 14:36:57,"RT @90sSugarDaddy: â€œThanos is comingâ€

Hulk:

 https://t.co/lQNgDckES2"
48,2019-04-13 14:36:55,"RT @90sSugarDaddy: â€œThanos is comingâ€

Hulk:

 https://t.co/lQNgDckES2"
49,2019-04-13 14:36:55,RT @uniquenawesome: Random characters that would defeat thanos https://t.co/eaOpE7F10j
50,2019-04-13 14:36:54,When Thanos have killed Half of the universe By Single snap and Have 6 infinity Stones ..But Black Widow is planninâ€¦ https://t.co/3vew5JkJEF
51,2019-04-13 14:36:53,Taylor Swift will defeat Thanos #TaylorSwiftApril26
52,2019-04-13 14:36:52,RT @courtneypochin: Can you believe @taylorswift13 is really going to save the universe from Thanos???? #TaylorSwiftApril26 https://t.co/evâ€¦
53,2019-04-13 14:36:50,RT @9GAG: Ant-man after expanding in Thanosâ€™ butt in #AvengersEndgame https://t.co/Pwd6RCW0Lw
54,2019-04-13 14:36:48,RT @fabuIoser: taylor swift will defeat thanos on the 26th
55,2019-04-13 14:36:47,RT @uniquenawesome: Random characters that would defeat thanos https://t.co/eaOpE7F10j
56,2019-04-13 14:36:45,Captain Marvel @ Thanos when she comes to punt his giant purple rear into the void #AvengersEndgame https://t.co/QH2P3nOukt
57,2019-04-13 14:36:43,RT @courtneypochin: Can you believe @taylorswift13 is really going to save the universe from Thanos???? #TaylorSwiftApril26 https://t.co/evâ€¦
58,2019-04-13 14:36:43,"RT @90sSugarDaddy: â€œThanos is comingâ€

Hulk:

 https://t.co/lQNgDckES2"
59,2019-04-13 14:36:41,RT @naetoven1k: well we all know how infinity wars ended. &amp; im thanos https://t.co/sOgx5eFRKn
60,2019-04-13 14:36:38,RT @courtneypochin: Can you believe @taylorswift13 is really going to save the universe from Thanos???? #TaylorSwiftApril26 https://t.co/evâ€¦
61,2019-04-13 14:36:35,RT @uniquenawesome: Random characters that would defeat thanos https://t.co/eaOpE7F10j
62,2019-04-13 14:36:35,"If YT claims that it does NOT delete views, then who did? 

Hell no. I think I know. 

Thanos?

Let's wait for Avenâ€¦ https://t.co/G4RB4RvxUA"
63,2019-04-13 14:36:33,"RT @deanslafitte: antman: hey thanos spell â€˜meâ€™

thanos: m-e

antman: you forgot the â€˜uâ€™

thanos: there is no â€˜uâ€™ in me-

antman, shrinkingâ€¦"
64,2019-04-13 14:36:28,RT @uniquenawesome: Random characters that would defeat thanos https://t.co/eaOpE7F10j
65,2019-04-13 14:36:28,RT @uniquenawesome: Random characters that would defeat thanos https://t.co/eaOpE7F10j
66,2019-04-13 14:36:26,RT @courtneypochin: Can you believe @taylorswift13 is really going to save the universe from Thanos???? #TaylorSwiftApril26 https://t.co/evâ€¦
67,2019-04-13 14:36:24,RT @courtneypochin: Can you believe @taylorswift13 is really going to save the universe from Thanos???? #TaylorSwiftApril26 https://t.co/evâ€¦
68,2019-04-13 14:36:22,RT @uniquenawesome: Random characters that would defeat thanos https://t.co/eaOpE7F10j
69,2019-04-13 14:36:22,"RT @90sSugarDaddy: â€œThanos is comingâ€

Hulk:

 https://t.co/lQNgDckES2"
70,2019-04-13 14:36:20,"RT @90sSugarDaddy: â€œThanos is comingâ€

Hulk:

 https://t.co/lQNgDckES2"
71,2019-04-13 14:36:14,RT @courtneypochin: Can you believe @taylorswift13 is really going to save the universe from Thanos???? #TaylorSwiftApril26 https://t.co/evâ€¦
72,2019-04-13 14:36:12,RT @fabuIoser: taylor swift will defeat thanos on the 26th
73,2019-04-13 14:36:05,RT @uniquenawesome: Random characters that would defeat thanos https://t.co/eaOpE7F10j
74,2019-04-13 14:36:05,RT @santosrochelle_: taylor swift will defeat thanos https://t.co/YdtnJ4QCIE
75,2019-04-13 14:36:03,RT @uniquenawesome: Random characters that would defeat thanos https://t.co/eaOpE7F10j
76,2019-04-13 14:36:02,RT @woy: Never even crossed my mind that @taylorswift13 might be the one to destroy Thanos on 04.26.
77,2019-04-13 14:36:00,RT @uniquenawesome: Random characters that would defeat thanos https://t.co/eaOpE7F10j
78,2019-04-13 14:35:57,Tay is actually Thanos wth ğŸ˜‚
79,2019-04-13 14:35:56,"RT @90sSugarDaddy: â€œThanos is comingâ€

Hulk:

 https://t.co/lQNgDckES2"
80,2019-04-13 14:35:54,"RT @deanslafitte: antman: hey thanos spell â€˜meâ€™

thanos: m-e

antman: you forgot the â€˜uâ€™

thanos: there is no â€˜uâ€™ in me-

antman, shrinkingâ€¦"
81,2019-04-13 14:35:53,RT @uniquenawesome: Random characters that would defeat thanos https://t.co/eaOpE7F10j
82,2019-04-13 14:35:52,RT @uniquenawesome: Random characters that would defeat thanos https://t.co/eaOpE7F10j
83,2019-04-13 14:35:50,@SmithAangdu Who does not know ThanosğŸ˜
84,2019-04-13 14:35:48,"RT @90sSugarDaddy: â€œThanos is comingâ€

Hulk:

 https://t.co/lQNgDckES2"
85,2019-04-13 14:35:48,"RT @deanslafitte: antman: hey thanos spell â€˜meâ€™

thanos: m-e

antman: you forgot the â€˜uâ€™

thanos: there is no â€˜uâ€™ in me-

antman, shrinkingâ€¦"
86,2019-04-13 14:35:47,RT @uniquenawesome: Random characters that would defeat thanos https://t.co/eaOpE7F10j
87,2019-04-13 14:35:46,RT @Vistor92: Taylor viene a vencer a Thanos https://t.co/jiSjOy7xDX
88,2019-04-13 14:35:43,"RT @90sSugarDaddy: â€œThanos is comingâ€

Hulk:

 https://t.co/lQNgDckES2"
89,2019-04-13 14:35:38,RT @uniquenawesome: Random characters that would defeat thanos https://t.co/eaOpE7F10j
90,2019-04-13 14:35:36,"RT @90sSugarDaddy: â€œThanos is comingâ€

Hulk:

 https://t.co/lQNgDckES2"
91,2019-04-13 14:35:35,RT @rouglack: Dowoon legit called Captain Marvel as â€œTHAT NOONAâ€ and â€œTHANOS HYUNGâ€ asdfghjjklllznzn we stan a super respectful boy!!! ğŸ˜­ğŸ˜­ğŸ¤£ğŸ¤£â€¦
92,2019-04-13 14:35:34,"RT @90sSugarDaddy: â€œThanos is comingâ€

Hulk:

 https://t.co/lQNgDckES2"
93,2019-04-13 14:35:29,RT @Marvel_FFightUS: We won't let Thanos' crimes go unanswered. There will be a Legendary Battle to avenge all those lost. #MARVELFutureFigâ€¦
94,2019-04-13 14:35:28,RT @uniquenawesome: Random characters that would defeat thanos https://t.co/eaOpE7F10j
95,2019-04-13 14:35:22,"RT @90sSugarDaddy: â€œThanos is comingâ€

Hulk:

 https://t.co/lQNgDckES2"
96,2019-04-13 14:35:22,RT @uniquenawesome: Random characters that would defeat thanos https://t.co/eaOpE7F10j
97,2019-04-13 14:35:21,RT @uniquenawesome: Random characters that would defeat thanos https://t.co/eaOpE7F10j
98,2019-04-13 14:35:21,"@Nohri_ Hopefully this will sell more copies, at the cost of Monolithsoft's income

In continuance with the Thanosâ€¦ https://t.co/MMCSn33uXA"
99,2019-04-13 14:35:21,RT @courtneypochin: Can you believe @taylorswift13 is really going to save the universe from Thanos???? #TaylorSwiftApril26 https://t.co/evâ€¦
100,2019-04-13 14:35:20,"RT @Twitter: @Lukescales69 Half the Avengers during Thanos' snap: 

â €/\â €      
_/  \  /\_________________
â €   \/â €â €"
101,2019-04-13 14:35:18,RT @courtneypochin: Can you believe @taylorswift13 is really going to save the universe from Thanos???? #TaylorSwiftApril26 https://t.co/evâ€¦
102,2019-04-13 14:35:15,RT @uniquenawesome: Random characters that would defeat thanos https://t.co/eaOpE7F10j
103,2019-04-13 14:35:14,RT @courtneypochin: Can you believe @taylorswift13 is really going to save the universe from Thanos???? #TaylorSwiftApril26 https://t.co/evâ€¦
104,2019-04-13 14:35:14,RT @rouglack: Dowoon legit called Captain Marvel as â€œTHAT NOONAâ€ and â€œTHANOS HYUNGâ€ asdfghjjklllznzn we stan a super respectful boy!!! ğŸ˜­ğŸ˜­ğŸ¤£ğŸ¤£â€¦
105,2019-04-13 14:35:09,RT @allycraze: characters who would defeat Thanos https://t.co/YDvkYB4RrT
106,2019-04-13 14:35:07,"RT @90sSugarDaddy: â€œThanos is comingâ€

Hulk:

 https://t.co/lQNgDckES2"
107,2019-04-13 14:35:02,RT @uniquenawesome: Random characters that would defeat thanos https://t.co/eaOpE7F10j
108,2019-04-13 14:34:55,"RT @90sSugarDaddy: â€œThanos is comingâ€

Hulk:

 https://t.co/lQNgDckES2"
109,2019-04-13 14:34:55,@MATTHARDYBRAND @Avengers Thanos will be DELETED
110,2019-04-13 14:34:55,"RT @deanslafitte: antman: hey thanos spell â€˜meâ€™

thanos: m-e

antman: you forgot the â€˜uâ€™

thanos: there is no â€˜uâ€™ in me-

antman, shrinkingâ€¦"
111,2019-04-13 14:34:48,RT @eatyoungk: @rouglack I'm here drumã…¡ thanos hyungnim https://t.co/kzDODs3EQy
112,2019-04-13 14:34:46,@666arsene wanna snap some mfers like thanos
113,2019-04-13 14:34:45,RT @uniquenawesome: Random characters that would defeat thanos https://t.co/eaOpE7F10j
114,2019-04-13 14:34:45,"RT @90sSugarDaddy: â€œThanos is comingâ€

Hulk:

 https://t.co/lQNgDckES2"
115,2019-04-13 14:34:44,RT @uniquenawesome: Random characters that would defeat thanos https://t.co/eaOpE7F10j
116,2019-04-13 14:34:42,RT @rouglack: Dowoon legit called Captain Marvel as â€œTHAT NOONAâ€ and â€œTHANOS HYUNGâ€ asdfghjjklllznzn we stan a super respectful boy!!! ğŸ˜­ğŸ˜­ğŸ¤£ğŸ¤£â€¦
117,2019-04-13 14:34:39,RT @fabuIoser: taylor swift will defeat thanos on the 26th
118,2019-04-13 14:34:36,RT @rouglack: Dowoon legit called Captain Marvel as â€œTHAT NOONAâ€ and â€œTHANOS HYUNGâ€ asdfghjjklllznzn we stan a super respectful boy!!! ğŸ˜­ğŸ˜­ğŸ¤£ğŸ¤£â€¦
119,2019-04-13 14:34:34,RT @rouglack: Dowoon legit called Captain Marvel as â€œTHAT NOONAâ€ and â€œTHANOS HYUNGâ€ asdfghjjklllznzn we stan a super respectful boy!!! ğŸ˜­ğŸ˜­ğŸ¤£ğŸ¤£â€¦
120,2019-04-13 14:34:31,@sir_virgi i would choose Thanos
121,2019-04-13 14:34:29,RT @uniquenawesome: Random characters that would defeat thanos https://t.co/eaOpE7F10j
122,2019-04-13 14:34:29,RT @uniquenawesome: Random characters that would defeat thanos https://t.co/eaOpE7F10j
123,2019-04-13 14:34:23,RT @NorryBLove: What in homoerotic marvel hell is this??? Yall really out here buying Thanos flesh lights? I need fucking answers!!! https:â€¦
124,2019-04-13 14:34:22,RT @DrAlHammadi_: Thanos after retirement ğŸ˜‚ https://t.co/yiPX3ftQ9Q
125,2019-04-13 14:34:19,"what if we sent spring day to go after yt? spring day could defeat thanos, so this should be nothing for her"
126,2019-04-13 14:34:18,RT @btskolkataarmys: Kolkata Armys #BTSxSpotify our work is still not done yet.... Let's snap bigger than Thanos https://t.co/o6BEygFdIy
127,2019-04-13 14:34:17,"RT @deanslafitte: antman: hey thanos spell â€˜meâ€™

thanos: m-e

antman: you forgot the â€˜uâ€™

thanos: there is no â€˜uâ€™ in me-

antman, shrinkingâ€¦"
128,2019-04-13 14:34:17,RT @uniquenawesome: Random characters that would defeat thanos https://t.co/eaOpE7F10j
129,2019-04-13 14:34:15,RT @rouglack: Dowoon legit called Captain Marvel as â€œTHAT NOONAâ€ and â€œTHANOS HYUNGâ€ asdfghjjklllznzn we stan a super respectful boy!!! ğŸ˜­ğŸ˜­ğŸ¤£ğŸ¤£â€¦
130,2019-04-13 14:34:12,RT @uniquenawesome: Random characters that would defeat thanos https://t.co/eaOpE7F10j
131,2019-04-13 14:34:10,"RT @irregwlar: sicheng: *exists*
taeil:
nct:
nctzens:
winctzens:
thanos:
the avengers:
michael jackson:
world:  https://t.co/JilGmBUGAV"
132,2019-04-13 14:34:09,RT @courtneypochin: Can you believe @taylorswift13 is really going to save the universe from Thanos???? #TaylorSwiftApril26 https://t.co/evâ€¦
133,2019-04-13 14:34:07,RT @rouglack: Dowoon legit called Captain Marvel as â€œTHAT NOONAâ€ and â€œTHANOS HYUNGâ€ asdfghjjklllznzn we stan a super respectful boy!!! ğŸ˜­ğŸ˜­ğŸ¤£ğŸ¤£â€¦
134,2019-04-13 14:34:06,RT @courtneypochin: Can you believe @taylorswift13 is really going to save the universe from Thanos???? #TaylorSwiftApril26 https://t.co/evâ€¦
135,2019-04-13 14:34:06,RT @uniquenawesome: Random characters that would defeat thanos https://t.co/eaOpE7F10j
136,2019-04-13 14:34:02,RT @rouglack: Dowoon legit called Captain Marvel as â€œTHAT NOONAâ€ and â€œTHANOS HYUNGâ€ asdfghjjklllznzn we stan a super respectful boy!!! ğŸ˜­ğŸ˜­ğŸ¤£ğŸ¤£â€¦
137,2019-04-13 14:34:02,RT @jimmykimmel: The cast of @Avengers reads NEW #Thanos childrenâ€™s bookâ€¦ @MarkRuffalo @ChrisHemsworth #ScarlettJohansson @ChrisEvans @DonCâ€¦
138,2019-04-13 14:34:00,"RT @90sSugarDaddy: â€œThanos is comingâ€

Hulk:

 https://t.co/lQNgDckES2"
139,2019-04-13 14:33:55,"RT @90sSugarDaddy: â€œThanos is comingâ€

Hulk:

 https://t.co/lQNgDckES2"
140,2019-04-13 14:33:54,RT @uniquenawesome: Random characters that would defeat thanos https://t.co/eaOpE7F10j
141,2019-04-13 14:33:52,RT @uniquenawesome: Random characters that would defeat thanos https://t.co/eaOpE7F10j
142,2019-04-13 14:33:51,thanos #CouldDefeatTrump https://t.co/X2ssZ0guNw
143,2019-04-13 14:33:48,RT @uniquenawesome: Random characters that would defeat thanos https://t.co/eaOpE7F10j
144,2019-04-13 14:33:44,RT @courtneypochin: Can you believe @taylorswift13 is really going to save the universe from Thanos???? #TaylorSwiftApril26 https://t.co/evâ€¦
145,2019-04-13 14:33:42,RT @courtneypochin: Can you believe @taylorswift13 is really going to save the universe from Thanos???? #TaylorSwiftApril26 https://t.co/evâ€¦
146,2019-04-13 14:33:41,RT @courtneypochin: Can you believe @taylorswift13 is really going to save the universe from Thanos???? #TaylorSwiftApril26 https://t.co/evâ€¦
147,2019-04-13 14:33:40,RT @rouglack: Dowoon legit called Captain Marvel as â€œTHAT NOONAâ€ and â€œTHANOS HYUNGâ€ asdfghjjklllznzn we stan a super respectful boy!!! ğŸ˜­ğŸ˜­ğŸ¤£ğŸ¤£â€¦
148,2019-04-13 14:33:40,"RT @90sSugarDaddy: â€œThanos is comingâ€

Hulk:

 https://t.co/lQNgDckES2"
149,2019-04-13 14:33:38,"RT @90sSugarDaddy: â€œThanos is comingâ€

Hulk:

 https://t.co/lQNgDckES2"
150,2019-04-13 14:33:37,"RT @90sSugarDaddy: â€œThanos is comingâ€

Hulk:

 https://t.co/lQNgDckES2"
151,2019-04-13 14:33:36,"RT @KgomotsoDithebe: @sir_virgi I wanna choose
B. The Joker , but the Matherfucker will kill me the next morning ğŸ˜¢ğŸ˜‚ğŸ˜‚ğŸ˜‚.
I'll go with D. Thanâ€¦"
152,2019-04-13 14:33:34,RT @rouglack: Dowoon legit called Captain Marvel as â€œTHAT NOONAâ€ and â€œTHANOS HYUNGâ€ asdfghjjklllznzn we stan a super respectful boy!!! ğŸ˜­ğŸ˜­ğŸ¤£ğŸ¤£â€¦
153,2019-04-13 14:33:33,RT @uniquenawesome: Random characters that would defeat thanos https://t.co/eaOpE7F10j
154,2019-04-13 14:33:29,"RT @adeleoutdid: spoiler alert: 
these four women will defeat thanos. https://t.co/6aiitD9UTZ"
155,2019-04-13 14:33:28,This generationâ€™s legend is Thanos https://t.co/v9TXzqRfrH
156,2019-04-13 14:33:27,RT @uniquenawesome: Random characters that would defeat thanos https://t.co/eaOpE7F10j
157,2019-04-13 14:33:25,"@sir_virgi I wanna choose
B. The Joker , but the Matherfucker will kill me the next morning ğŸ˜¢ğŸ˜‚ğŸ˜‚ğŸ˜‚.
I'll go with D. Tâ€¦ https://t.co/o6aiFQNhpg"
158,2019-04-13 14:33:25,"RT @90sSugarDaddy: â€œThanos is comingâ€

Hulk:

 https://t.co/lQNgDckES2"
159,2019-04-13 14:33:25,Paul Rudd Confirms He Doesnâ€™t Want To Go Inside Thanosâ€™ Anus https://t.co/uYs4AW1D3q
160,2019-04-13 14:33:24,"RT @JarvFN: This one pic describes every bad Fortnite patch. You got Thanos, wielding the sword from Polar Peak, and his head looks like aâ€¦"
161,2019-04-13 14:33:20,RT @courtneypochin: Can you believe @taylorswift13 is really going to save the universe from Thanos???? #TaylorSwiftApril26 https://t.co/evâ€¦
162,2019-04-13 14:33:20,"His hair got snapped 

@Thanos why? https://t.co/4deS98cWPK"
163,2019-04-13 14:33:20,@sbell021 Are these unis pre or post Thanos snap?
164,2019-04-13 14:33:15,RT @courtneypochin: Can you believe @taylorswift13 is really going to save the universe from Thanos???? #TaylorSwiftApril26 https://t.co/evâ€¦
165,2019-04-13 14:33:14,RT @courtneypochin: Can you believe @taylorswift13 is really going to save the universe from Thanos???? #TaylorSwiftApril26 https://t.co/evâ€¦
166,2019-04-13 14:33:14,Bring me.......a thanos mug!!!!! https://t.co/yWyjL8Tl2b
167,2019-04-13 14:33:10,RT @rouglack: Dowoon legit called Captain Marvel as â€œTHAT NOONAâ€ and â€œTHANOS HYUNGâ€ asdfghjjklllznzn we stan a super respectful boy!!! ğŸ˜­ğŸ˜­ğŸ¤£ğŸ¤£â€¦
168,2019-04-13 14:33:09,RT @santosrochelle_: taylor swift will defeat thanos https://t.co/YdtnJ4QCIE
169,2019-04-13 14:33:09,"RT @Skylar_Writer: That ainâ€™t a bodyguard. Thatâ€™s Black Thanos. Blanos, if you will. https://t.co/pM3CCsx5Eb"
170,2019-04-13 14:33:07,RT @allycraze: characters who would defeat Thanos https://t.co/YDvkYB4RrT
171,2019-04-13 14:33:07,"RT @90sSugarDaddy: â€œThanos is comingâ€

Hulk:

 https://t.co/lQNgDckES2"
172,2019-04-13 14:33:04,@sir_virgi @andii_andie Thanos would do
173,2019-04-13 14:32:59,RT @rouglack: Dowoon legit called Captain Marvel as â€œTHAT NOONAâ€ and â€œTHANOS HYUNGâ€ asdfghjjklllznzn we stan a super respectful boy!!! ğŸ˜­ğŸ˜­ğŸ¤£ğŸ¤£â€¦
174,2019-04-13 14:32:55,@JeeniusYT go commit shaggy kill thanos
175,2019-04-13 14:32:52,RT @uniquenawesome: Random characters that would defeat thanos https://t.co/eaOpE7F10j
176,2019-04-13 14:32:52,RT @rouglack: Dowoon legit called Captain Marvel as â€œTHAT NOONAâ€ and â€œTHANOS HYUNGâ€ asdfghjjklllznzn we stan a super respectful boy!!! ğŸ˜­ğŸ˜­ğŸ¤£ğŸ¤£â€¦
177,2019-04-13 14:32:51,"RT @90sSugarDaddy: â€œThanos is comingâ€

Hulk:

 https://t.co/lQNgDckES2"
178,2019-04-13 14:32:49,RT @uniquenawesome: Random characters that would defeat thanos https://t.co/eaOpE7F10j
179,2019-04-13 14:32:44,AND THANOS
180,2019-04-13 14:32:43,RT @rouglack: Dowoon legit called Captain Marvel as â€œTHAT NOONAâ€ and â€œTHANOS HYUNGâ€ asdfghjjklllznzn we stan a super respectful boy!!! ğŸ˜­ğŸ˜­ğŸ¤£ğŸ¤£â€¦
181,2019-04-13 14:32:40,"RT @90sSugarDaddy: â€œThanos is comingâ€

Hulk:

 https://t.co/lQNgDckES2"
182,2019-04-13 14:32:35,"RT @90sSugarDaddy: â€œThanos is comingâ€

Hulk:

 https://t.co/lQNgDckES2"
183,2019-04-13 14:32:35,"@SRKsCupcake Imagine..SRK As Dr StrangeğŸ‘Œ
Akki - Captain America
Thanos - Sanjay Dutt
Ajay Devgn As Black Panther"
184,2019-04-13 14:32:34,"RT @JarvFN: This one pic describes every bad Fortnite patch. You got Thanos, wielding the sword from Polar Peak, and his head looks like aâ€¦"
185,2019-04-13 14:32:33,RT @courtneypochin: Can you believe @taylorswift13 is really going to save the universe from Thanos???? #TaylorSwiftApril26 https://t.co/evâ€¦
186,2019-04-13 14:32:32,"RT @90sSugarDaddy: â€œThanos is comingâ€

Hulk:

 https://t.co/lQNgDckES2"
187,2019-04-13 14:32:31,"RT @90sSugarDaddy: â€œThanos is comingâ€

Hulk:

 https://t.co/lQNgDckES2"
188,2019-04-13 14:32:31,RT @uniquenawesome: Random characters that would defeat thanos https://t.co/eaOpE7F10j
189,2019-04-13 14:32:26,RT @mysterihoes: star wars stans how tf we FEELING https://t.co/QwZEZWpGPk
190,2019-04-13 14:32:25,"RT @mockinghayes: yes, taylor swift will singlehandedly defeat thanos https://t.co/fYFODXghFi"
191,2019-04-13 14:32:23,"RT @90sSugarDaddy: â€œThanos is comingâ€

Hulk:

 https://t.co/lQNgDckES2"
192,2019-04-13 14:32:20,RT @uniquenawesome: Random characters that would defeat thanos https://t.co/eaOpE7F10j
193,2019-04-13 14:32:19,RT @woy: Never even crossed my mind that @taylorswift13 might be the one to destroy Thanos on 04.26.
194,2019-04-13 14:32:18,RT @courtneypochin: Can you believe @taylorswift13 is really going to save the universe from Thanos???? #TaylorSwiftApril26 https://t.co/evâ€¦
195,2019-04-13 14:32:17,"@Cleobatta @MEFCC This this way far from awesomeness , I now think Thanos did kill the wrong half ."
196,2019-04-13 14:32:17,"Actually a fan of Thanos Tbvh. Like I understand mass genocide isn't the answer to the problem of the universe, butâ€¦ https://t.co/9zIeBvYIUk"
197,2019-04-13 14:32:16,RT @woy: Never even crossed my mind that @taylorswift13 might be the one to destroy Thanos on 04.26.
198,2019-04-13 14:32:15,RT @fabuIoser: taylor swift will defeat thanos on the 26th
199,2019-04-13 14:32:15,RT @9GAG: Ant-man after expanding in Thanosâ€™ butt in #AvengersEndgame https://t.co/Pwd6RCW0Lw
